timestamp,esp1,esp1_vib,esp2,esp2_vib
2025-09-14 13:28:48,Vibration: 0 | X: 1590 | Y: 1328 | Z: 1402 | Status: ACTIVE,0,Vibration: 0 | X: 1856 | Y: 1535 | Z: 1411 | Status: ACTIVE,0
2025-09-14 13:28:49,Vibration: 0 | X: 1596 | Y: 1328 | Z: 1404 | Status: ACTIVE,0,Vibration: 0 | X: 1860 | Y: 1535 | Z: 1412 | Status: ACTIVE,0
2025-09-14 13:28:50,Vibration: 0 | X: 1589 | Y: 1329 | Z: 1399 | Status: ACTIVE,0,Vibration: 0 | X: 1859 | Y: 1535 | Z: 1411 | Status: ACTIVE,0
2025-09-14 13:28:51,Vibration: 0 | X: 1589 | Y: 1329 | Z: 1399 | Status: ACTIVE,0,Vibration: 0 | X: 1857 | Y: 1535 | Z: 1409 | Status: ACTIVE,0
2025-09-14 13:28:53,Vibration: 0 | X: 1586 | Y: 1321 | Z: 1394 | Status: ACTIVE,0,Vibration: 0 | X: 1857 | Y: 1535 | Z: 1408 | Status: ACTIVE,0
2025-09-14 13:28:54,Vibration: 0 | X: 1586 | Y: 1321 | Z: 1394 | Status: ACTIVE,0,Vibration: 0 | X: 1857 | Y: 1535 | Z: 1408 | Status: ACTIVE,0
2025-09-14 13:28:55,Vibration: 0 | X: 1583 | Y: 1313 | Z: 1388 | Status: ACTIVE,0,Vibration: 0 | X: 1857 | Y: 1535 | Z: 1408 | Status: ACTIVE,0
2025-09-14 13:28:56,Vibration: 0 | X: 1591 | Y: 1328 | Z: 1406 | Status: ACTIVE,0,Vibration: 0 | X: 1857 | Y: 1535 | Z: 1411 | Status: ACTIVE,0
2025-09-14 13:28:58,Vibration: 0 | X: 1590 | Y: 1328 | Z: 1399 | Status: ACTIVE,0,Vibration: 0 | X: 1839 | Y: 1524 | Z: 1395 | Status: ACTIVE,0
2025-09-14 13:28:59,Vibration: 0 | X: 1590 | Y: 1328 | Z: 1399 | Status: ACTIVE,0,Vibration: 0 | X: 1839 | Y: 1524 | Z: 1395 | Status: ACTIVE,0
2025-09-14 13:29:00,Vibration: 0 | X: 1590 | Y: 1328 | Z: 1399 | Status: ACTIVE,0,Vibration: 0 | X: 1839 | Y: 1524 | Z: 1395 | Status: ACTIVE,0
2025-09-14 13:29:01,Vibration: 0 | X: 1590 | Y: 1328 | Z: 1399 | Status: ACTIVE,0,Vibration: 0 | X: 1839 | Y: 1524 | Z: 1395 | Status: ACTIVE,0
2025-09-14 13:29:02,Vibration: 0 | X: 1591 | Y: 1328 | Z: 1408 | Status: ACTIVE,0,Vibration: 0 | X: 1863 | Y: 1535 | Z: 1412 | Status: ACTIVE,0
2025-09-14 13:29:03,Vibration: 0 | X: 1598 | Y: 1329 | Z: 1412 | Status: ACTIVE,0,Vibration: 0 | X: 1859 | Y: 1552 | Z: 1413 | Status: ACTIVE,0
2025-09-14 13:29:07,Vibration: 0 | X: 1588 | Y: 1326 | Z: 1402 | Status: ACTIVE,0,Vibration: 0 | X: 1859 | Y: 1552 | Z: 1413 | Status: ACTIVE,0
2025-09-14 13:29:08,Vibration: 0 | X: 1591 | Y: 1333 | Z: 1405 | Status: ACTIVE,0,Vibration: 0 | X: 1857 | Y: 1535 | Z: 1412 | Status: ACTIVE,0
2025-09-14 13:29:09,Vibration: 0 | X: 1591 | Y: 1333 | Z: 1405 | Status: ACTIVE,0,Vibration: 0 | X: 1838 | Y: 1522 | Z: 1392 | Status: ACTIVE,0
2025-09-14 13:29:10,Vibration: 0 | X: 1591 | Y: 1328 | Z: 1404 | Status: ACTIVE,0,Vibration: 0 | X: 1840 | Y: 1527 | Z: 1397 | Status: ACTIVE,0
2025-09-14 13:29:12,Vibration: 0 | X: 1584 | Y: 1322 | Z: 1392 | Status: ACTIVE,0,Vibration: 0 | X: 1858 | Y: 1535 | Z: 1418 | Status: ACTIVE,0
2025-09-14 13:29:13,Vibration: 0 | X: 1591 | Y: 1328 | Z: 1405 | Status: ACTIVE,0,Vibration: 0 | X: 1851 | Y: 1535 | Z: 1408 | Status: ACTIVE,0
2025-09-14 13:29:14,Vibration: 0 | X: 1591 | Y: 1328 | Z: 1403 | Status: ACTIVE,0,Vibration: 0 | X: 1855 | Y: 1535 | Z: 1405 | Status: ACTIVE,0
2025-09-14 13:29:15,Vibration: 0 | X: 1594 | Y: 1329 | Z: 1405 | Status: ACTIVE,0,Vibration: 0 | X: 1835 | Y: 1523 | Z: 1392 | Status: ACTIVE,0
2025-09-14 13:29:16,Vibration: 0 | X: 1591 | Y: 1328 | Z: 1407 | Status: ACTIVE,0,Vibration: 0 | X: 1853 | Y: 1535 | Z: 1408 | Status: ACTIVE,0
2025-09-14 13:29:18,Vibration: 0 | X: 1591 | Y: 1328 | Z: 1407 | Status: ACTIVE,0,Vibration: 0 | X: 1856 | Y: 1535 | Z: 1412 | Status: ACTIVE,0
2025-09-14 13:29:19,Vibration: 0 | X: 1594 | Y: 1335 | Z: 1403 | Status: ACTIVE,0,Vibration: 0 | X: 1856 | Y: 1535 | Z: 1410 | Status: ACTIVE,0
2025-09-14 13:29:23,Vibration: 0 | X: 1583 | Y: 1319 | Z: 1392 | Status: ACTIVE,0,Vibration: 0 | X: 1858 | Y: 1535 | Z: 1413 | Status: ACTIVE,0
2025-09-14 13:29:24,Vibration: 0 | X: 1594 | Y: 1330 | Z: 1397 | Status: ACTIVE,0,Vibration: 0 | X: 1856 | Y: 1535 | Z: 1411 | Status: ACTIVE,0
2025-09-14 13:29:29,Vibration: 0 | X: 1594 | Y: 1327 | Z: 1407 | Status: ACTIVE,0,Vibration: 0 | X: 1861 | Y: 1535 | Z: 1410 | Status: ACTIVE,0
2025-09-14 13:29:30,Vibration: 0 | X: 1594 | Y: 1327 | Z: 1407 | Status: ACTIVE,0,Vibration: 0 | X: 1861 | Y: 1535 | Z: 1410 | Status: ACTIVE,0
2025-09-14 13:29:31,Vibration: 0 | X: 1575 | Y: 1314 | Z: 1383 | Status: ACTIVE,0,Vibration: 0 | X: 1845 | Y: 1533 | Z: 1399 | Status: ACTIVE,0
2025-09-14 13:29:32,Vibration: 0 | X: 1594 | Y: 1331 | Z: 1405 | Status: ACTIVE,0,Vibration: 0 | X: 1858 | Y: 1535 | Z: 1409 | Status: ACTIVE,0
2025-09-14 13:29:33,Vibration: 0 | X: 1600 | Y: 1333 | Z: 1405 | Status: ACTIVE,0,Vibration: 0 | X: 1859 | Y: 1535 | Z: 1408 | Status: ACTIVE,0
2025-09-14 13:29:34,Vibration: 0 | X: 1593 | Y: 1329 | Z: 1407 | Status: ACTIVE,0,Vibration: 0 | X: 1856 | Y: 1535 | Z: 1409 | Status: ACTIVE,0
2025-09-14 13:29:36,Vibration: 0 | X: 1578 | Y: 1314 | Z: 1389 | Status: ACTIVE,0,Vibration: 0 | X: 1856 | Y: 1535 | Z: 1409 | Status: ACTIVE,0
2025-09-14 13:29:37,Vibration: 0 | X: 1591 | Y: 1330 | Z: 1407 | Status: ACTIVE,0,Vibration: 0 | X: 1856 | Y: 1535 | Z: 1409 | Status: ACTIVE,0
2025-09-14 13:29:38,Vibration: 0 | X: 1591 | Y: 1330 | Z: 1407 | Status: ACTIVE,0,Vibration: 0 | X: 1856 | Y: 1535 | Z: 1409 | Status: ACTIVE,0
2025-09-14 13:29:39,Vibration: 0 | X: 1593 | Y: 1328 | Z: 1403 | Status: ACTIVE,0,Vibration: 0 | X: 1856 | Y: 1535 | Z: 1409 | Status: ACTIVE,0
2025-09-14 13:29:43,Vibration: 0 | X: 1594 | Y: 1329 | Z: 1405 | Status: ACTIVE,0,Vibration: 0 | X: 1856 | Y: 1535 | Z: 1409 | Status: ACTIVE,0
2025-09-14 13:29:44,Vibration: 0 | X: 1595 | Y: 1329 | Z: 1402 | Status: ACTIVE,0,Vibration: 0 | X: 1859 | Y: 1535 | Z: 1409 | Status: ACTIVE,0
2025-09-14 13:29:45,Vibration: 0 | X: 1595 | Y: 1329 | Z: 1402 | Status: ACTIVE,0,Vibration: 0 | X: 1859 | Y: 1535 | Z: 1409 | Status: ACTIVE,0
2025-09-14 13:29:47,Vibration: 0 | X: 1595 | Y: 1330 | Z: 1406 | Status: ACTIVE,0,Vibration: 0 | X: 1859 | Y: 1535 | Z: 1409 | Status: ACTIVE,0
2025-09-14 13:29:48,Vibration: 0 | X: 1594 | Y: 1332 | Z: 1404 | Status: ACTIVE,0,Vibration: 0 | X: 1859 | Y: 1535 | Z: 1409 | Status: ACTIVE,0
2025-09-14 13:29:49,Vibration: 0 | X: 1582 | Y: 1325 | Z: 1393 | Status: ACTIVE,0,Vibration: 0 | X: 1859 | Y: 1535 | Z: 1409 | Status: ACTIVE,0
2025-09-14 13:29:51,Vibration: 0 | X: 1594 | Y: 1328 | Z: 1403 | Status: ACTIVE,0,Vibration: 0 | X: 1814 | Y: 1520 | Z: 1396 | Status: ACTIVE,0
2025-09-14 13:29:52,Vibration: 0 | X: 1587 | Y: 1330 | Z: 1403 | Status: ACTIVE,0,Vibration: 0 | X: 1859 | Y: 1535 | Z: 1411 | Status: ACTIVE,0
2025-09-14 13:29:54,Vibration: 0 | X: 1587 | Y: 1329 | Z: 1403 | Status: ACTIVE,0,Vibration: 0 | X: 1859 | Y: 1535 | Z: 1411 | Status: ACTIVE,0
2025-09-14 13:29:55,Vibration: 0 | X: 1595 | Y: 1331 | Z: 1406 | Status: ACTIVE,0,Vibration: 0 | X: 1859 | Y: 1535 | Z: 1411 | Status: ACTIVE,0
2025-09-14 13:29:57,Vibration: 0 | X: 1594 | Y: 1331 | Z: 1403 | Status: ACTIVE,0,Vibration: 0 | X: 1861 | Y: 1535 | Z: 1415 | Status: ACTIVE,0
2025-09-14 13:29:58,Vibration: 0 | X: 1595 | Y: 1335 | Z: 1405 | Status: ACTIVE,0,Vibration: 0 | X: 1863 | Y: 1535 | Z: 1413 | Status: ACTIVE,0
2025-09-14 13:29:59,Vibration: 0 | X: 1590 | Y: 1328 | Z: 1398 | Status: ACTIVE,0,Vibration: 0 | X: 1863 | Y: 1535 | Z: 1413 | Status: ACTIVE,0
2025-09-14 13:30:01,Vibration: 0 | X: 1590 | Y: 1328 | Z: 1398 | Status: ACTIVE,0,Vibration: 0 | X: 1856 | Y: 1535 | Z: 1408 | Status: ACTIVE,0
2025-09-14 13:30:02,Vibration: 0 | X: 1596 | Y: 1329 | Z: 1395 | Status: ACTIVE,0,Vibration: 0 | X: 1856 | Y: 1535 | Z: 1412 | Status: ACTIVE,0
2025-09-14 13:30:03,Vibration: 0 | X: 1591 | Y: 1328 | Z: 1405 | Status: ACTIVE,0,Vibration: 0 | X: 1846 | Y: 1530 | Z: 1406 | Status: ACTIVE,0
2025-09-14 13:30:04,Vibration: 0 | X: 1590 | Y: 1328 | Z: 1405 | Status: ACTIVE,0,Vibration: 0 | X: 1856 | Y: 1552 | Z: 1409 | Status: ACTIVE,0
2025-09-14 13:30:06,Vibration: 0 | X: 1590 | Y: 1328 | Z: 1405 | Status: ACTIVE,0,Vibration: 0 | X: 1858 | Y: 1535 | Z: 1410 | Status: ACTIVE,0
2025-09-14 13:30:07,Vibration: 0 | X: 1589 | Y: 1331 | Z: 1403 | Status: ACTIVE,0,Vibration: 0 | X: 1862 | Y: 1535 | Z: 1413 | Status: ACTIVE,0
2025-09-14 13:30:09,Vibration: 0 | X: 1595 | Y: 1329 | Z: 1402 | Status: ACTIVE,0,Vibration: 0 | X: 1859 | Y: 1535 | Z: 1412 | Status: ACTIVE,0
2025-09-14 13:30:10,Vibration: 0 | X: 1586 | Y: 1333 | Z: 1399 | Status: ACTIVE,0,Vibration: 0 | X: 1845 | Y: 1533 | Z: 1403 | Status: ACTIVE,0
2025-09-14 13:30:11,Vibration: 0 | X: 1593 | Y: 1328 | Z: 1406 | Status: ACTIVE,0,Vibration: 0 | X: 1859 | Y: 1535 | Z: 1413 | Status: ACTIVE,0
2025-09-14 13:30:13,Vibration: 0 | X: 1593 | Y: 1331 | Z: 1399 | Status: ACTIVE,0,Vibration: 0 | X: 1851 | Y: 1530 | Z: 1404 | Status: ACTIVE,0
2025-09-14 13:30:14,Vibration: 0 | X: 1591 | Y: 1328 | Z: 1399 | Status: ACTIVE,0,Vibration: 0 | X: 1847 | Y: 1533 | Z: 1404 | Status: ACTIVE,0
2025-09-14 13:30:15,Vibration: 0 | X: 1595 | Y: 1330 | Z: 1405 | Status: ACTIVE,0,Vibration: 0 | X: 1863 | Y: 1522 | Z: 1409 | Status: ACTIVE,0
2025-09-14 13:30:17,Vibration: 0 | X: 1589 | Y: 1328 | Z: 1405 | Status: ACTIVE,0,Vibration: 0 | X: 1861 | Y: 1535 | Z: 1412 | Status: ACTIVE,0
2025-09-14 13:30:18,Vibration: 0 | X: 1589 | Y: 1328 | Z: 1405 | Status: ACTIVE,0,Vibration: 0 | X: 1858 | Y: 1535 | Z: 1408 | Status: ACTIVE,0
2025-09-14 13:30:19,Vibration: 0 | X: 1589 | Y: 1328 | Z: 1405 | Status: ACTIVE,0,Vibration: 0 | X: 1839 | Y: 1531 | Z: 1397 | Status: ACTIVE,0
2025-09-14 13:30:20,Vibration: 0 | X: 1589 | Y: 1328 | Z: 1405 | Status: ACTIVE,0,Vibration: 0 | X: 1856 | Y: 1535 | Z: 1412 | Status: ACTIVE,0
2025-09-14 13:30:21,Vibration: 0 | X: 1590 | Y: 1328 | Z: 1403 | Status: ACTIVE,0,Vibration: 0 | X: 1862 | Y: 1535 | Z: 1414 | Status: ACTIVE,0
2025-09-14 13:30:23,Vibration: 0 | X: 1588 | Y: 1328 | Z: 1405 | Status: ACTIVE,0,Vibration: 0 | X: 1856 | Y: 1535 | Z: 1409 | Status: ACTIVE,0
2025-09-14 13:30:24,Vibration: 0 | X: 1590 | Y: 1331 | Z: 1408 | Status: ACTIVE,0,Vibration: 0 | X: 1860 | Y: 1527 | Z: 1399 | Status: ACTIVE,0
2025-09-14 13:30:25,Vibration: 0 | X: 1590 | Y: 1331 | Z: 1408 | Status: ACTIVE,0,Vibration: 0 | X: 1860 | Y: 1527 | Z: 1399 | Status: ACTIVE,0
2025-09-14 13:30:26,Vibration: 0 | X: 1590 | Y: 1331 | Z: 1408 | Status: ACTIVE,0,Vibration: 0 | X: 1860 | Y: 1527 | Z: 1399 | Status: ACTIVE,0
2025-09-14 13:30:27,Vibration: 0 | X: 1590 | Y: 1331 | Z: 1408 | Status: ACTIVE,0,Vibration: 0 | X: 1860 | Y: 1527 | Z: 1399 | Status: ACTIVE,0
2025-09-14 13:30:28,Vibration: 0 | X: 1572 | Y: 1299 | Z: 1379 | Status: ACTIVE,0,Vibration: 0 | X: 1857 | Y: 1535 | Z: 1413 | Status: ACTIVE,0
2025-09-14 13:30:30,Vibration: 0 | X: 1594 | Y: 1328 | Z: 1404 | Status: ACTIVE,0,Vibration: 0 | X: 1861 | Y: 1535 | Z: 1417 | Status: ACTIVE,0
2025-09-14 13:30:31,Vibration: 0 | X: 1594 | Y: 1331 | Z: 1405 | Status: ACTIVE,0,Vibration: 0 | X: 1855 | Y: 1530 | Z: 1397 | Status: ACTIVE,0
2025-09-14 13:30:32,Vibration: 1 | X: 1588 | Y: 1319 | Z: 1382 | Status: ACTIVE,1,Vibration: 0 | X: 1851 | Y: 1523 | Z: 1413 | Status: ACTIVE,0
2025-09-14 13:30:33,Vibration: 1 | X: 1603 | Y: 1328 | Z: 1419 | Status: ACTIVE,1,Vibration: 0 | X: 1840 | Y: 1563 | Z: 1405 | Status: ACTIVE,0
2025-09-14 13:30:35,Vibration: 1 | X: 1614 | Y: 1329 | Z: 1344 | Status: ACTIVE,1,Vibration: 0 | X: 1872 | Y: 1534 | Z: 1422 | Status: ACTIVE,0
2025-09-14 13:30:37,Vibration: 1 | X: 1617 | Y: 1355 | Z: 1369 | Status: ACTIVE,1,Vibration: 0 | X: 1831 | Y: 1535 | Z: 1385 | Status: ACTIVE,0
2025-09-14 13:30:38,Vibration: 1 | X: 1598 | Y: 1330 | Z: 1403 | Status: ACTIVE,1,Vibration: 0 | X: 1858 | Y: 1535 | Z: 1408 | Status: ACTIVE,0
2025-09-14 13:30:39,Vibration: 1 | X: 1594 | Y: 1329 | Z: 1409 | Status: ACTIVE,1,Vibration: 0 | X: 1860 | Y: 1535 | Z: 1408 | Status: ACTIVE,0
2025-09-14 13:30:41,Vibration: 1 | X: 1574 | Y: 1314 | Z: 1386 | Status: ACTIVE,1,Vibration: 0 | X: 1843 | Y: 1529 | Z: 1402 | Status: ACTIVE,0
2025-09-14 13:30:42,Vibration: 1 | X: 1597 | Y: 1328 | Z: 1401 | Status: ACTIVE,1,Vibration: 0 | X: 1862 | Y: 1535 | Z: 1409 | Status: ACTIVE,0
2025-09-14 13:30:43,Vibration: 1 | X: 1579 | Y: 1313 | Z: 1392 | Status: ACTIVE,1,Vibration: 0 | X: 1859 | Y: 1535 | Z: 1413 | Status: ACTIVE,0
2025-09-14 13:30:44,Vibration: 0 | X: 1600 | Y: 1330 | Z: 1405 | Status: ACTIVE,0,Vibration: 0 | X: 1843 | Y: 1520 | Z: 1399 | Status: ACTIVE,0
2025-09-14 13:30:45,Vibration: 0 | X: 1600 | Y: 1330 | Z: 1405 | Status: ACTIVE,0,Vibration: 0 | X: 1843 | Y: 1520 | Z: 1399 | Status: ACTIVE,0
2025-09-14 13:30:47,Vibration: 0 | X: 1594 | Y: 1328 | Z: 1417 | Status: ACTIVE,0,Vibration: 0 | X: 1862 | Y: 1535 | Z: 1414 | Status: ACTIVE,0
2025-09-14 13:30:48,Vibration: 1 | X: 1616 | Y: 1331 | Z: 1414 | Status: ACTIVE,1,Vibration: 0 | X: 1838 | Y: 1552 | Z: 1434 | Status: ACTIVE,0
2025-09-14 13:30:50,Vibration: 1 | X: 1616 | Y: 1331 | Z: 1414 | Status: ACTIVE,1,Vibration: 0 | X: 1838 | Y: 1552 | Z: 1434 | Status: ACTIVE,0
2025-09-14 13:30:51,Vibration: 1 | X: 1616 | Y: 1331 | Z: 1414 | Status: ACTIVE,1,Vibration: 0 | X: 1838 | Y: 1552 | Z: 1434 | Status: ACTIVE,0
2025-09-14 13:30:52,Vibration: 0 | X: 1602 | Y: 1339 | Z: 1383 | Status: ACTIVE,0,Vibration: 0 | X: 1838 | Y: 1552 | Z: 1434 | Status: ACTIVE,0
2025-09-14 13:30:53,Vibration: 0 | X: 1604 | Y: 1336 | Z: 1394 | Status: ACTIVE,0,Vibration: 0 | X: 1856 | Y: 1552 | Z: 1410 | Status: ACTIVE,0
2025-09-14 13:30:54,Vibration: 0 | X: 1604 | Y: 1336 | Z: 1394 | Status: ACTIVE,0,Vibration: 0 | X: 1856 | Y: 1552 | Z: 1410 | Status: ACTIVE,0
2025-09-14 13:30:55,Vibration: 0 | X: 1604 | Y: 1336 | Z: 1394 | Status: ACTIVE,0,Vibration: 0 | X: 1856 | Y: 1552 | Z: 1410 | Status: ACTIVE,0
2025-09-14 13:30:56,Vibration: 0 | X: 1595 | Y: 1355 | Z: 1408 | Status: ACTIVE,0,Vibration: 0 | X: 1856 | Y: 1552 | Z: 1410 | Status: ACTIVE,0
2025-09-14 13:30:58,Vibration: 0 | X: 1607 | Y: 1267 | Z: 1349 | Status: ACTIVE,0,Vibration: 0 | X: 1855 | Y: 1525 | Z: 1409 | Status: ACTIVE,0
2025-09-14 13:30:59,Vibration: 0 | X: 1589 | Y: 1337 | Z: 1393 | Status: ACTIVE,0,Vibration: 0 | X: 1845 | Y: 1533 | Z: 1407 | Status: ACTIVE,0
2025-09-14 13:31:03,Vibration: 0 | X: 1585 | Y: 1322 | Z: 1392 | Status: ACTIVE,0,Vibration: 0 | X: 1861 | Y: 1552 | Z: 1408 | Status: ACTIVE,0
2025-09-14 13:31:04,Vibration: 0 | X: 1585 | Y: 1322 | Z: 1392 | Status: ACTIVE,0,Vibration: 0 | X: 1873 | Y: 1535 | Z: 1418 | Status: ACTIVE,0
2025-09-14 13:31:05,Vibration: 0 | X: 1586 | Y: 1329 | Z: 1407 | Status: ACTIVE,0,Vibration: 0 | X: 1873 | Y: 1535 | Z: 1418 | Status: ACTIVE,0
2025-09-14 13:31:06,Vibration: 0 | X: 1594 | Y: 1331 | Z: 1406 | Status: ACTIVE,0,Vibration: 0 | X: 1873 | Y: 1535 | Z: 1418 | Status: ACTIVE,0
2025-09-14 13:31:07,Vibration: 0 | X: 1591 | Y: 1331 | Z: 1402 | Status: ACTIVE,0,Vibration: 0 | X: 1873 | Y: 1535 | Z: 1418 | Status: ACTIVE,0
2025-09-14 13:31:09,Vibration: 1 | X: 1609 | Y: 1419 | Z: 1450 | Status: ACTIVE,1,Vibration: 0 | X: 1834 | Y: 1524 | Z: 1392 | Status: ACTIVE,0
2025-09-14 13:31:10,Vibration: 1 | X: 1609 | Y: 1419 | Z: 1450 | Status: ACTIVE,1,Vibration: 0 | X: 1859 | Y: 1559 | Z: 1410 | Status: ACTIVE,0
2025-09-14 13:31:12,Vibration: 1 | X: 1609 | Y: 1419 | Z: 1450 | Status: ACTIVE,1,Vibration: 0 | X: 1887 | Y: 1535 | Z: 1392 | Status: ACTIVE,0
2025-09-14 13:31:13,Vibration: 0 | X: 1583 | Y: 1315 | Z: 1389 | Status: ACTIVE,0,Vibration: 0 | X: 1842 | Y: 1530 | Z: 1409 | Status: ACTIVE,0
2025-09-14 13:31:14,Vibration: 0 | X: 1595 | Y: 1337 | Z: 1386 | Status: ACTIVE,0,Vibration: 0 | X: 1856 | Y: 1535 | Z: 1410 | Status: ACTIVE,0
2025-09-14 13:31:15,Vibration: 0 | X: 1577 | Y: 1317 | Z: 1387 | Status: ACTIVE,0,Vibration: 0 | X: 1861 | Y: 1535 | Z: 1410 | Status: ACTIVE,0
2025-09-14 13:31:17,Vibration: 0 | X: 1591 | Y: 1330 | Z: 1403 | Status: ACTIVE,0,Vibration: 0 | X: 1854 | Y: 1535 | Z: 1408 | Status: ACTIVE,0
2025-09-14 13:31:18,Vibration: 0 | X: 1591 | Y: 1330 | Z: 1403 | Status: ACTIVE,0,Vibration: 0 | X: 1839 | Y: 1520 | Z: 1394 | Status: ACTIVE,0
2025-09-14 13:31:19,Vibration: 0 | X: 1591 | Y: 1330 | Z: 1403 | Status: ACTIVE,0,Vibration: 0 | X: 1856 | Y: 1535 | Z: 1411 | Status: ACTIVE,0
2025-09-14 13:31:20,Vibration: 0 | X: 1595 | Y: 1328 | Z: 1407 | Status: ACTIVE,0,Vibration: 0 | X: 1859 | Y: 1535 | Z: 1410 | Status: ACTIVE,0
2025-09-14 13:31:22,Vibration: 0 | X: 1594 | Y: 1329 | Z: 1405 | Status: ACTIVE,0,Vibration: 0 | X: 1860 | Y: 1535 | Z: 1412 | Status: ACTIVE,0
2025-09-14 13:31:23,Vibration: 0 | X: 1590 | Y: 1328 | Z: 1406 | Status: ACTIVE,0,Vibration: 0 | X: 1860 | Y: 1535 | Z: 1412 | Status: ACTIVE,0
2025-09-14 13:31:25,Vibration: 0 | X: 1593 | Y: 1330 | Z: 1404 | Status: ACTIVE,0,Vibration: 0 | X: 1855 | Y: 1535 | Z: 1408 | Status: ACTIVE,0
2025-09-14 13:31:26,Vibration: 0 | X: 1597 | Y: 1331 | Z: 1401 | Status: ACTIVE,0,Vibration: 0 | X: 1855 | Y: 1535 | Z: 1408 | Status: ACTIVE,0
2025-09-14 13:31:27,Vibration: 0 | X: 1597 | Y: 1331 | Z: 1401 | Status: ACTIVE,0,Vibration: 0 | X: 1856 | Y: 1535 | Z: 1412 | Status: ACTIVE,0
2025-09-14 13:31:29,Vibration: 0 | X: 1597 | Y: 1330 | Z: 1406 | Status: ACTIVE,0,Vibration: 0 | X: 1847 | Y: 1531 | Z: 1404 | Status: ACTIVE,0
2025-09-14 13:31:30,Vibration: 0 | X: 1597 | Y: 1333 | Z: 1407 | Status: ACTIVE,0,Vibration: 0 | X: 1840 | Y: 1525 | Z: 1394 | Status: ACTIVE,0
2025-09-14 13:31:31,Vibration: 0 | X: 1597 | Y: 1333 | Z: 1407 | Status: ACTIVE,0,Vibration: 0 | X: 1840 | Y: 1525 | Z: 1394 | Status: ACTIVE,0
2025-09-14 13:31:32,Vibration: 0 | X: 1591 | Y: 1331 | Z: 1408 | Status: ACTIVE,0,Vibration: 0 | X: 1856 | Y: 1535 | Z: 1408 | Status: ACTIVE,0
2025-09-14 13:31:34,Vibration: 0 | X: 1589 | Y: 1328 | Z: 1405 | Status: ACTIVE,0,Vibration: 0 | X: 1851 | Y: 1535 | Z: 1402 | Status: ACTIVE,0
2025-09-14 13:31:35,Vibration: 0 | X: 1590 | Y: 1325 | Z: 1396 | Status: ACTIVE,0,Vibration: 0 | X: 1859 | Y: 1535 | Z: 1411 | Status: ACTIVE,0
2025-09-14 13:31:36,Vibration: 0 | X: 1590 | Y: 1325 | Z: 1396 | Status: ACTIVE,0,Vibration: 0 | X: 1839 | Y: 1525 | Z: 1397 | Status: ACTIVE,0
2025-09-14 13:31:37,Vibration: 0 | X: 1571 | Y: 1317 | Z: 1389 | Status: ACTIVE,0,Vibration: 0 | X: 1840 | Y: 1526 | Z: 1396 | Status: ACTIVE,0
2025-09-14 13:31:38,Vibration: 0 | X: 1580 | Y: 1322 | Z: 1395 | Status: ACTIVE,0,Vibration: 0 | X: 1840 | Y: 1526 | Z: 1396 | Status: ACTIVE,0
2025-09-14 13:31:39,Vibration: 0 | X: 1589 | Y: 1328 | Z: 1399 | Status: ACTIVE,0,Vibration: 0 | X: 1840 | Y: 1526 | Z: 1396 | Status: ACTIVE,0
2025-09-14 13:31:41,Vibration: 0 | X: 1595 | Y: 1331 | Z: 1401 | Status: ACTIVE,0,Vibration: 0 | X: 1840 | Y: 1526 | Z: 1396 | Status: ACTIVE,0
2025-09-14 13:31:42,Vibration: 0 | X: 1573 | Y: 1315 | Z: 1389 | Status: ACTIVE,0,Vibration: 0 | X: 1841 | Y: 1527 | Z: 1393 | Status: ACTIVE,0
2025-09-14 13:31:43,Vibration: 0 | X: 1573 | Y: 1314 | Z: 1382 | Status: ACTIVE,0,Vibration: 0 | X: 1858 | Y: 1535 | Z: 1411 | Status: ACTIVE,0
2025-09-14 13:31:45,Vibration: 0 | X: 1572 | Y: 1310 | Z: 1387 | Status: ACTIVE,0,Vibration: 0 | X: 1856 | Y: 1535 | Z: 1407 | Status: ACTIVE,0
2025-09-14 13:31:46,Vibration: 0 | X: 1588 | Y: 1327 | Z: 1398 | Status: ACTIVE,0,Vibration: 0 | X: 1838 | Y: 1523 | Z: 1392 | Status: ACTIVE,0
2025-09-14 13:31:47,Vibration: 0 | X: 1588 | Y: 1327 | Z: 1398 | Status: ACTIVE,0,Vibration: 0 | X: 1840 | Y: 1524 | Z: 1393 | Status: ACTIVE,0
2025-09-14 13:31:48,Vibration: 0 | X: 1588 | Y: 1327 | Z: 1398 | Status: ACTIVE,0,Vibration: 0 | X: 1850 | Y: 1533 | Z: 1402 | Status: ACTIVE,0
2025-09-14 13:31:49,Vibration: 0 | X: 1588 | Y: 1327 | Z: 1398 | Status: ACTIVE,0,Vibration: 0 | X: 1842 | Y: 1529 | Z: 1394 | Status: ACTIVE,0
2025-09-14 13:31:50,Vibration: 0 | X: 1573 | Y: 1314 | Z: 1383 | Status: ACTIVE,0,Vibration: 0 | X: 1851 | Y: 1535 | Z: 1394 | Status: ACTIVE,0
2025-09-14 13:31:51,Vibration: 0 | X: 1586 | Y: 1328 | Z: 1403 | Status: ACTIVE,0,Vibration: 0 | X: 1840 | Y: 1530 | Z: 1395 | Status: ACTIVE,0
2025-09-14 13:31:53,Vibration: 0 | X: 1591 | Y: 1333 | Z: 1400 | Status: ACTIVE,0,Vibration: 0 | X: 1843 | Y: 1531 | Z: 1396 | Status: ACTIVE,0
2025-09-14 13:31:54,Vibration: 0 | X: 1571 | Y: 1316 | Z: 1389 | Status: ACTIVE,0,Vibration: 0 | X: 1859 | Y: 1535 | Z: 1416 | Status: ACTIVE,0
2025-09-14 13:31:55,Vibration: 0 | X: 1594 | Y: 1327 | Z: 1408 | Status: ACTIVE,0,Vibration: 0 | X: 1843 | Y: 1530 | Z: 1397 | Status: ACTIVE,0
2025-09-14 13:31:57,Vibration: 0 | X: 1587 | Y: 1323 | Z: 1397 | Status: ACTIVE,0,Vibration: 0 | X: 1869 | Y: 1525 | Z: 1396 | Status: ACTIVE,0
2025-09-14 13:31:58,Vibration: 0 | X: 1571 | Y: 1318 | Z: 1381 | Status: ACTIVE,0,Vibration: 0 | X: 1855 | Y: 1531 | Z: 1409 | Status: ACTIVE,0
2025-09-14 13:31:59,Vibration: 0 | X: 1593 | Y: 1329 | Z: 1403 | Status: ACTIVE,0,Vibration: 0 | X: 1857 | Y: 1535 | Z: 1410 | Status: ACTIVE,0
2025-09-14 13:32:00,Vibration: 0 | X: 1587 | Y: 1331 | Z: 1401 | Status: ACTIVE,0,Vibration: 0 | X: 1842 | Y: 1526 | Z: 1399 | Status: ACTIVE,0
2025-09-14 13:32:02,Vibration: 0 | X: 1594 | Y: 1331 | Z: 1403 | Status: ACTIVE,0,Vibration: 0 | X: 1857 | Y: 1535 | Z: 1409 | Status: ACTIVE,0
2025-09-14 13:32:03,Vibration: 0 | X: 1594 | Y: 1329 | Z: 1405 | Status: ACTIVE,0,Vibration: 0 | X: 1858 | Y: 1535 | Z: 1409 | Status: ACTIVE,0
2025-09-14 13:32:04,Vibration: 0 | X: 1595 | Y: 1331 | Z: 1406 | Status: ACTIVE,0,Vibration: 0 | X: 1844 | Y: 1531 | Z: 1399 | Status: ACTIVE,0
2025-09-14 13:32:05,Vibration: 0 | X: 1575 | Y: 1318 | Z: 1391 | Status: ACTIVE,0,Vibration: 0 | X: 1856 | Y: 1535 | Z: 1413 | Status: ACTIVE,0
2025-09-14 13:32:07,Vibration: 0 | X: 1598 | Y: 1329 | Z: 1407 | Status: ACTIVE,0,Vibration: 0 | X: 1855 | Y: 1535 | Z: 1406 | Status: ACTIVE,0
2025-09-14 13:32:08,Vibration: 0 | X: 1584 | Y: 1331 | Z: 1409 | Status: ACTIVE,0,Vibration: 0 | X: 1856 | Y: 1535 | Z: 1407 | Status: ACTIVE,0
2025-09-14 13:32:10,Vibration: 0 | X: 1580 | Y: 1322 | Z: 1394 | Status: ACTIVE,0,Vibration: 0 | X: 1859 | Y: 1535 | Z: 1408 | Status: ACTIVE,0
2025-09-14 13:32:11,Vibration: 0 | X: 1581 | Y: 1312 | Z: 1391 | Status: ACTIVE,0,Vibration: 0 | X: 1838 | Y: 1521 | Z: 1393 | Status: ACTIVE,0
2025-09-14 13:32:12,Vibration: 0 | X: 1595 | Y: 1328 | Z: 1400 | Status: ACTIVE,0,Vibration: 0 | X: 1856 | Y: 1535 | Z: 1409 | Status: ACTIVE,0
2025-09-14 13:32:14,Vibration: 0 | X: 1587 | Y: 1347 | Z: 1373 | Status: ACTIVE,0,Vibration: 0 | X: 1863 | Y: 1535 | Z: 1410 | Status: ACTIVE,0
2025-09-14 13:32:15,Vibration: 0 | X: 1587 | Y: 1328 | Z: 1408 | Status: ACTIVE,0,Vibration: 0 | X: 1835 | Y: 1524 | Z: 1395 | Status: ACTIVE,0
2025-09-14 13:32:16,Vibration: 0 | X: 1587 | Y: 1328 | Z: 1408 | Status: ACTIVE,0,Vibration: 0 | X: 1840 | Y: 1521 | Z: 1409 | Status: ACTIVE,0
2025-09-14 13:32:17,Vibration: 0 | X: 1578 | Y: 1323 | Z: 1375 | Status: ACTIVE,0,Vibration: 0 | X: 1872 | Y: 1535 | Z: 1411 | Status: ACTIVE,0
2025-09-14 13:32:18,Vibration: 0 | X: 1572 | Y: 1319 | Z: 1379 | Status: ACTIVE,0,Vibration: 0 | X: 1846 | Y: 1534 | Z: 1397 | Status: ACTIVE,0
2025-09-14 13:32:20,Vibration: 0 | X: 1571 | Y: 1311 | Z: 1382 | Status: ACTIVE,0,Vibration: 0 | X: 1856 | Y: 1535 | Z: 1411 | Status: ACTIVE,0
2025-09-14 13:32:21,Vibration: 0 | X: 1579 | Y: 1316 | Z: 1383 | Status: ACTIVE,0,Vibration: 0 | X: 1856 | Y: 1535 | Z: 1411 | Status: ACTIVE,0
2025-09-14 13:32:22,Vibration: 0 | X: 1587 | Y: 1328 | Z: 1393 | Status: ACTIVE,0,Vibration: 0 | X: 1856 | Y: 1535 | Z: 1411 | Status: ACTIVE,0
2025-09-14 13:32:23,Vibration: 0 | X: 1593 | Y: 1337 | Z: 1409 | Status: ACTIVE,0,Vibration: 0 | X: 1856 | Y: 1535 | Z: 1411 | Status: ACTIVE,0
2025-09-14 13:32:24,Vibration: 0 | X: 1595 | Y: 1331 | Z: 1401 | Status: ACTIVE,0,Vibration: 0 | X: 1859 | Y: 1535 | Z: 1410 | Status: ACTIVE,0
2025-09-14 13:32:25,Vibration: 0 | X: 1591 | Y: 1329 | Z: 1405 | Status: ACTIVE,0,Vibration: 0 | X: 1850 | Y: 1535 | Z: 1405 | Status: ACTIVE,0
2025-09-14 13:32:27,Vibration: 0 | X: 1591 | Y: 1330 | Z: 1407 | Status: ACTIVE,0,Vibration: 0 | X: 1850 | Y: 1535 | Z: 1405 | Status: ACTIVE,0
2025-09-14 13:32:28,Vibration: 0 | X: 1590 | Y: 1328 | Z: 1399 | Status: ACTIVE,0,Vibration: 0 | X: 1833 | Y: 1520 | Z: 1396 | Status: ACTIVE,0
2025-09-14 13:32:32,Vibration: 0 | X: 1589 | Y: 1330 | Z: 1403 | Status: ACTIVE,0,Vibration: 0 | X: 1840 | Y: 1525 | Z: 1397 | Status: ACTIVE,0
2025-09-14 13:32:34,Vibration: 0 | X: 1595 | Y: 1333 | Z: 1399 | Status: ACTIVE,0,Vibration: 0 | X: 1856 | Y: 1535 | Z: 1410 | Status: ACTIVE,0
2025-09-14 13:32:35,Vibration: 0 | X: 1584 | Y: 1322 | Z: 1398 | Status: ACTIVE,0,Vibration: 0 | X: 1859 | Y: 1535 | Z: 1408 | Status: ACTIVE,0
2025-09-14 13:32:36,Vibration: 0 | X: 1594 | Y: 1329 | Z: 1406 | Status: ACTIVE,0,Vibration: 0 | X: 1863 | Y: 1535 | Z: 1412 | Status: ACTIVE,0
2025-09-14 13:32:38,Vibration: 0 | X: 1575 | Y: 1324 | Z: 1387 | Status: ACTIVE,0,Vibration: 0 | X: 1845 | Y: 1531 | Z: 1402 | Status: ACTIVE,0
2025-09-14 13:32:39,Vibration: 0 | X: 1591 | Y: 1330 | Z: 1399 | Status: ACTIVE,0,Vibration: 0 | X: 1858 | Y: 1535 | Z: 1410 | Status: ACTIVE,0
2025-09-14 13:32:40,Vibration: 0 | X: 1599 | Y: 1329 | Z: 1404 | Status: ACTIVE,0,Vibration: 0 | X: 1861 | Y: 1535 | Z: 1413 | Status: ACTIVE,0
2025-09-14 13:32:41,Vibration: 0 | X: 1586 | Y: 1328 | Z: 1404 | Status: ACTIVE,0,Vibration: 0 | X: 1842 | Y: 1520 | Z: 1393 | Status: ACTIVE,0
2025-09-14 13:32:43,Vibration: 0 | X: 1587 | Y: 1323 | Z: 1393 | Status: ACTIVE,0,Vibration: 0 | X: 1840 | Y: 1527 | Z: 1392 | Status: ACTIVE,0
2025-09-14 13:32:44,Vibration: 0 | X: 1589 | Y: 1330 | Z: 1403 | Status: ACTIVE,0,Vibration: 0 | X: 1840 | Y: 1523 | Z: 1397 | Status: ACTIVE,0
2025-09-14 13:32:45,Vibration: 0 | X: 1591 | Y: 1326 | Z: 1403 | Status: ACTIVE,0,Vibration: 0 | X: 1869 | Y: 1535 | Z: 1412 | Status: ACTIVE,0
2025-09-14 13:32:47,Vibration: 0 | X: 1593 | Y: 1329 | Z: 1395 | Status: ACTIVE,0,Vibration: 0 | X: 1849 | Y: 1535 | Z: 1383 | Status: ACTIVE,0
2025-09-14 13:32:48,Vibration: 0 | X: 1598 | Y: 1329 | Z: 1406 | Status: ACTIVE,0,Vibration: 0 | X: 1866 | Y: 1552 | Z: 1413 | Status: ACTIVE,0
2025-09-14 13:32:49,Vibration: 0 | X: 1595 | Y: 1327 | Z: 1399 | Status: ACTIVE,0,Vibration: 0 | X: 1843 | Y: 1523 | Z: 1399 | Status: ACTIVE,0
2025-09-14 13:32:50,Vibration: 0 | X: 1598 | Y: 1328 | Z: 1392 | Status: ACTIVE,0,Vibration: 0 | X: 1838 | Y: 1523 | Z: 1392 | Status: ACTIVE,0
2025-09-14 13:32:52,Vibration: 0 | X: 1598 | Y: 1328 | Z: 1392 | Status: ACTIVE,0,Vibration: 0 | X: 1852 | Y: 1535 | Z: 1407 | Status: ACTIVE,0
2025-09-14 13:32:55,Vibration: 0 | X: 1596 | Y: 1329 | Z: 1408 | Status: ACTIVE,0,Vibration: 0 | X: 1858 | Y: 1535 | Z: 1415 | Status: ACTIVE,0
2025-09-14 13:32:56,Vibration: 0 | X: 1587 | Y: 1328 | Z: 1393 | Status: ACTIVE,0,Vibration: 0 | X: 1858 | Y: 1535 | Z: 1415 | Status: ACTIVE,0
2025-09-14 13:32:57,Vibration: 0 | X: 1595 | Y: 1331 | Z: 1405 | Status: ACTIVE,0,Vibration: 0 | X: 1856 | Y: 1535 | Z: 1408 | Status: ACTIVE,0
2025-09-14 13:32:58,Vibration: 0 | X: 1575 | Y: 1315 | Z: 1390 | Status: ACTIVE,0,Vibration: 0 | X: 1861 | Y: 1535 | Z: 1411 | Status: ACTIVE,0
2025-09-14 13:33:00,Vibration: 0 | X: 1589 | Y: 1329 | Z: 1406 | Status: ACTIVE,0,Vibration: 0 | X: 1838 | Y: 1522 | Z: 1397 | Status: ACTIVE,0
2025-09-14 13:33:03,Vibration: 0 | X: 1593 | Y: 1329 | Z: 1403 | Status: ACTIVE,0,Vibration: 0 | X: 1856 | Y: 1535 | Z: 1408 | Status: ACTIVE,0
2025-09-14 13:33:04,Vibration: 0 | X: 1591 | Y: 1330 | Z: 1413 | Status: ACTIVE,0,Vibration: 0 | X: 1856 | Y: 1535 | Z: 1408 | Status: ACTIVE,0
2025-09-14 13:33:06,Vibration: 0 | X: 1591 | Y: 1330 | Z: 1413 | Status: ACTIVE,0,Vibration: 0 | X: 1856 | Y: 1535 | Z: 1408 | Status: ACTIVE,0
2025-09-14 13:33:07,Vibration: 0 | X: 1591 | Y: 1330 | Z: 1413 | Status: ACTIVE,0,Vibration: 0 | X: 1856 | Y: 1535 | Z: 1408 | Status: ACTIVE,0
2025-09-14 13:33:08,Vibration: 0 | X: 1596 | Y: 1328 | Z: 1402 | Status: ACTIVE,0,Vibration: 0 | X: 1862 | Y: 1535 | Z: 1411 | Status: ACTIVE,0
2025-09-14 13:33:09,Vibration: 0 | X: 1571 | Y: 1318 | Z: 1386 | Status: ACTIVE,0,Vibration: 0 | X: 1861 | Y: 1535 | Z: 1410 | Status: ACTIVE,0
2025-09-14 13:33:10,Vibration: 0 | X: 1596 | Y: 1333 | Z: 1408 | Status: ACTIVE,0,Vibration: 0 | X: 1861 | Y: 1535 | Z: 1411 | Status: ACTIVE,0
2025-09-14 13:33:11,Vibration: 0 | X: 1595 | Y: 1333 | Z: 1406 | Status: ACTIVE,0,Vibration: 0 | X: 1855 | Y: 1535 | Z: 1408 | Status: ACTIVE,0
2025-09-14 13:33:12,Vibration: 0 | X: 1591 | Y: 1329 | Z: 1409 | Status: ACTIVE,0,Vibration: 0 | X: 1859 | Y: 1535 | Z: 1410 | Status: ACTIVE,0
2025-09-14 13:33:14,Vibration: 0 | X: 1591 | Y: 1328 | Z: 1399 | Status: ACTIVE,0,Vibration: 0 | X: 1843 | Y: 1526 | Z: 1395 | Status: ACTIVE,0
2025-09-14 13:33:15,Vibration: 0 | X: 1591 | Y: 1328 | Z: 1406 | Status: ACTIVE,0,Vibration: 0 | X: 1840 | Y: 1525 | Z: 1395 | Status: ACTIVE,0
2025-09-14 13:33:16,Vibration: 0 | X: 1584 | Y: 1328 | Z: 1395 | Status: ACTIVE,0,Vibration: 0 | X: 1840 | Y: 1525 | Z: 1395 | Status: ACTIVE,0
2025-09-14 13:33:18,Vibration: 0 | X: 1594 | Y: 1328 | Z: 1401 | Status: ACTIVE,0,Vibration: 0 | X: 1840 | Y: 1525 | Z: 1395 | Status: ACTIVE,0
2025-09-14 13:33:19,Vibration: 0 | X: 1585 | Y: 1323 | Z: 1399 | Status: ACTIVE,0,Vibration: 0 | X: 1840 | Y: 1525 | Z: 1395 | Status: ACTIVE,0
2025-09-14 13:33:20,Vibration: 0 | X: 1591 | Y: 1329 | Z: 1402 | Status: ACTIVE,0,Vibration: 0 | X: 1856 | Y: 1535 | Z: 1410 | Status: ACTIVE,0
2025-09-14 13:33:21,Vibration: 0 | X: 1587 | Y: 1334 | Z: 1395 | Status: ACTIVE,0,Vibration: 0 | X: 1894 | Y: 1535 | Z: 1388 | Status: ACTIVE,0
2025-09-14 13:33:23,Vibration: 1 | X: 1584 | Y: 1307 | Z: 1439 | Status: ACTIVE,1,Vibration: 0 | X: 1870 | Y: 1535 | Z: 1408 | Status: ACTIVE,0
2025-09-14 13:33:24,Vibration: 1 | X: 1573 | Y: 1321 | Z: 1383 | Status: ACTIVE,1,Vibration: 0 | X: 1861 | Y: 1535 | Z: 1408 | Status: ACTIVE,0
2025-09-14 13:33:25,Vibration: 1 | X: 1600 | Y: 1364 | Z: 1408 | Status: ACTIVE,1,Vibration: 0 | X: 1856 | Y: 1535 | Z: 1403 | Status: ACTIVE,0
2025-09-14 13:33:26,Vibration: 1 | X: 1516 | Y: 1334 | Z: 1392 | Status: ACTIVE,1,Vibration: 0 | X: 1961 | Y: 1570 | Z: 1354 | Status: ACTIVE,0
2025-09-14 13:33:28,Vibration: 1 | X: 1602 | Y: 1342 | Z: 1385 | Status: ACTIVE,1,Vibration: 0 | X: 1813 | Y: 1520 | Z: 1419 | Status: ACTIVE,0
2025-09-14 13:33:29,Vibration: 1 | X: 1602 | Y: 1342 | Z: 1385 | Status: ACTIVE,1,Vibration: 0 | X: 1857 | Y: 1534 | Z: 1396 | Status: ACTIVE,0
2025-09-14 13:33:30,Vibration: 1 | X: 1594 | Y: 1331 | Z: 1424 | Status: ACTIVE,1,Vibration: 0 | X: 1872 | Y: 1535 | Z: 1408 | Status: ACTIVE,0
2025-09-14 13:33:32,Vibration: 1 | X: 1569 | Y: 1322 | Z: 1396 | Status: ACTIVE,1,Vibration: 0 | X: 1870 | Y: 1535 | Z: 1407 | Status: ACTIVE,0
2025-09-14 13:33:33,Vibration: 1 | X: 1597 | Y: 1328 | Z: 1407 | Status: ACTIVE,1,Vibration: 0 | X: 1825 | Y: 1519 | Z: 1427 | Status: ACTIVE,0
2025-09-14 13:33:34,Vibration: 0 | X: 1587 | Y: 1251 | Z: 1318 | Status: ACTIVE,0,Vibration: 0 | X: 1858 | Y: 1552 | Z: 1408 | Status: ACTIVE,0
2025-09-14 13:33:35,Vibration: 0 | X: 1587 | Y: 1251 | Z: 1318 | Status: ACTIVE,0,Vibration: 0 | X: 1841 | Y: 1523 | Z: 1395 | Status: ACTIVE,0
2025-09-14 13:33:37,Vibration: 0 | X: 1598 | Y: 1328 | Z: 1397 | Status: ACTIVE,0,Vibration: 0 | X: 1872 | Y: 1552 | Z: 1414 | Status: ACTIVE,0
2025-09-14 13:33:38,Vibration: 1 | X: 1597 | Y: 1337 | Z: 1406 | Status: ACTIVE,1,Vibration: 0 | X: 1855 | Y: 1535 | Z: 1415 | Status: ACTIVE,0
2025-09-14 13:33:39,Vibration: 1 | X: 1587 | Y: 1339 | Z: 1387 | Status: ACTIVE,1,Vibration: 0 | X: 1834 | Y: 1530 | Z: 1429 | Status: ACTIVE,0
2025-09-14 13:33:41,Vibration: 0 | X: 1599 | Y: 1330 | Z: 1397 | Status: ACTIVE,0,Vibration: 0 | X: 1834 | Y: 1530 | Z: 1425 | Status: ACTIVE,0
2025-09-14 13:33:42,Vibration: 1 | X: 1599 | Y: 1330 | Z: 1441 | Status: ACTIVE,1,Vibration: 0 | X: 1834 | Y: 1519 | Z: 1391 | Status: ACTIVE,0
2025-09-14 13:33:43,Vibration: 0 | X: 1626 | Y: 1330 | Z: 1355 | Status: ACTIVE,0,Vibration: 0 | X: 1815 | Y: 1563 | Z: 1450 | Status: ACTIVE,0
2025-09-14 13:33:45,Vibration: 1 | X: 1598 | Y: 1339 | Z: 1417 | Status: ACTIVE,1,Vibration: 0 | X: 1861 | Y: 1552 | Z: 1407 | Status: ACTIVE,0
2025-09-14 13:33:46,Vibration: 1 | X: 1588 | Y: 1329 | Z: 1398 | Status: ACTIVE,1,Vibration: 0 | X: 1842 | Y: 1531 | Z: 1395 | Status: ACTIVE,0
2025-09-14 13:33:47,Vibration: 1 | X: 1588 | Y: 1306 | Z: 1344 | Status: ACTIVE,1,Vibration: 0 | X: 1904 | Y: 1553 | Z: 1406 | Status: ACTIVE,0
2025-09-14 13:33:49,Vibration: 0 | X: 1593 | Y: 1328 | Z: 1399 | Status: ACTIVE,0,Vibration: 0 | X: 1840 | Y: 1535 | Z: 1409 | Status: ACTIVE,0
2025-09-14 13:33:50,Vibration: 1 | X: 1586 | Y: 1335 | Z: 1402 | Status: ACTIVE,1,Vibration: 0 | X: 1853 | Y: 1535 | Z: 1409 | Status: ACTIVE,0
2025-09-14 13:33:54,Vibration: 1 | X: 1586 | Y: 1335 | Z: 1402 | Status: ACTIVE,1,Vibration: 0 | X: 1863 | Y: 1559 | Z: 1420 | Status: ACTIVE,0
2025-09-14 13:33:56,Vibration: 1 | X: 1591 | Y: 1334 | Z: 1395 | Status: ACTIVE,1,Vibration: 0 | X: 1858 | Y: 1535 | Z: 1410 | Status: ACTIVE,0
2025-09-14 13:33:57,Vibration: 1 | X: 1589 | Y: 1326 | Z: 1397 | Status: ACTIVE,1,Vibration: 0 | X: 1856 | Y: 1524 | Z: 1385 | Status: ACTIVE,0
2025-09-14 13:33:58,Vibration: 0 | X: 1584 | Y: 1326 | Z: 1402 | Status: ACTIVE,0,Vibration: 0 | X: 1857 | Y: 1535 | Z: 1408 | Status: ACTIVE,0
2025-09-14 13:34:00,Vibration: 0 | X: 1590 | Y: 1330 | Z: 1404 | Status: ACTIVE,0,Vibration: 0 | X: 1860 | Y: 1535 | Z: 1413 | Status: ACTIVE,0
2025-09-14 13:34:01,Vibration: 1 | X: 1594 | Y: 1332 | Z: 1399 | Status: ACTIVE,1,Vibration: 0 | X: 1861 | Y: 1535 | Z: 1407 | Status: ACTIVE,0
2025-09-14 13:34:02,Vibration: 1 | X: 1594 | Y: 1332 | Z: 1399 | Status: ACTIVE,1,Vibration: 0 | X: 1841 | Y: 1524 | Z: 1393 | Status: ACTIVE,0
2025-09-14 13:34:03,Vibration: 0 | X: 1599 | Y: 1330 | Z: 1403 | Status: ACTIVE,0,Vibration: 0 | X: 1858 | Y: 1535 | Z: 1415 | Status: ACTIVE,0
2025-09-14 13:34:04,Vibration: 0 | X: 1597 | Y: 1331 | Z: 1393 | Status: ACTIVE,0,Vibration: 0 | X: 1855 | Y: 1535 | Z: 1408 | Status: ACTIVE,0
2025-09-14 13:34:06,Vibration: 0 | X: 1597 | Y: 1331 | Z: 1393 | Status: ACTIVE,0,Vibration: 0 | X: 1855 | Y: 1535 | Z: 1407 | Status: ACTIVE,0
2025-09-14 13:34:07,Vibration: 0 | X: 1597 | Y: 1331 | Z: 1393 | Status: ACTIVE,0,Vibration: 0 | X: 1856 | Y: 1535 | Z: 1407 | Status: ACTIVE,0
2025-09-14 13:34:08,Vibration: 0 | X: 1589 | Y: 1329 | Z: 1406 | Status: ACTIVE,0,Vibration: 0 | X: 1856 | Y: 1535 | Z: 1408 | Status: ACTIVE,0
2025-09-14 13:34:10,Vibration: 0 | X: 1590 | Y: 1330 | Z: 1401 | Status: ACTIVE,0,Vibration: 0 | X: 1858 | Y: 1535 | Z: 1410 | Status: ACTIVE,0
2025-09-14 13:34:11,Vibration: 1 | X: 1587 | Y: 1328 | Z: 1405 | Status: ACTIVE,1,Vibration: 0 | X: 1858 | Y: 1535 | Z: 1410 | Status: ACTIVE,0
2025-09-14 13:34:12,Vibration: 1 | X: 1595 | Y: 1333 | Z: 1410 | Status: ACTIVE,1,Vibration: 0 | X: 1858 | Y: 1535 | Z: 1410 | Status: ACTIVE,0
2025-09-14 13:34:13,Vibration: 1 | X: 1574 | Y: 1327 | Z: 1408 | Status: ACTIVE,1,Vibration: 0 | X: 1858 | Y: 1535 | Z: 1410 | Status: ACTIVE,0
2025-09-14 13:34:14,Vibration: 0 | X: 1595 | Y: 1328 | Z: 1402 | Status: ACTIVE,0,Vibration: 0 | X: 1857 | Y: 1535 | Z: 1408 | Status: ACTIVE,0
2025-09-14 13:34:16,Vibration: 1 | X: 1596 | Y: 1326 | Z: 1411 | Status: ACTIVE,1,Vibration: 0 | X: 1874 | Y: 1535 | Z: 1394 | Status: ACTIVE,0
2025-09-14 13:34:17,Vibration: 1 | X: 1590 | Y: 1337 | Z: 1408 | Status: ACTIVE,1,Vibration: 0 | X: 1857 | Y: 1535 | Z: 1409 | Status: ACTIVE,0
2025-09-14 13:34:18,Vibration: 1 | X: 1584 | Y: 1303 | Z: 1389 | Status: ACTIVE,1,Vibration: 0 | X: 1857 | Y: 1535 | Z: 1408 | Status: ACTIVE,0
2025-09-14 13:34:20,Vibration: 0 | X: 1591 | Y: 1328 | Z: 1398 | Status: ACTIVE,0,Vibration: 0 | X: 1861 | Y: 1566 | Z: 1416 | Status: ACTIVE,0
2025-09-14 13:34:21,Vibration: 0 | X: 1590 | Y: 1331 | Z: 1403 | Status: ACTIVE,0,Vibration: 0 | X: 1854 | Y: 1535 | Z: 1409 | Status: ACTIVE,0
2025-09-14 13:34:22,Vibration: 0 | X: 1592 | Y: 1333 | Z: 1398 | Status: ACTIVE,0,Vibration: 0 | X: 1862 | Y: 1535 | Z: 1409 | Status: ACTIVE,0
2025-09-14 13:34:24,Vibration: 0 | X: 1590 | Y: 1329 | Z: 1406 | Status: ACTIVE,0,Vibration: 0 | X: 1856 | Y: 1535 | Z: 1410 | Status: ACTIVE,0
2025-09-14 13:34:25,Vibration: 0 | X: 1569 | Y: 1321 | Z: 1390 | Status: ACTIVE,0,Vibration: 0 | X: 1856 | Y: 1535 | Z: 1410 | Status: ACTIVE,0
2025-09-14 13:34:26,Vibration: 1 | X: 1593 | Y: 1331 | Z: 1401 | Status: ACTIVE,1,Vibration: 0 | X: 1856 | Y: 1535 | Z: 1410 | Status: ACTIVE,0
2025-09-14 13:34:28,Vibration: 0 | X: 1623 | Y: 1332 | Z: 1402 | Status: ACTIVE,0,Vibration: 0 | X: 1856 | Y: 1552 | Z: 1409 | Status: ACTIVE,0
2025-09-14 13:34:29,Vibration: 0 | X: 1579 | Y: 1328 | Z: 1392 | Status: ACTIVE,0,Vibration: 0 | X: 1863 | Y: 1552 | Z: 1415 | Status: ACTIVE,0
2025-09-14 13:34:30,Vibration: 1 | X: 1595 | Y: 1328 | Z: 1408 | Status: ACTIVE,1,Vibration: 0 | X: 1856 | Y: 1535 | Z: 1410 | Status: ACTIVE,0
2025-09-14 13:34:31,Vibration: 0 | X: 1597 | Y: 1324 | Z: 1398 | Status: ACTIVE,0,Vibration: 0 | X: 1853 | Y: 1535 | Z: 1407 | Status: ACTIVE,0
2025-09-14 13:34:33,Vibration: 0 | X: 1595 | Y: 1330 | Z: 1401 | Status: ACTIVE,0,Vibration: 0 | X: 1814 | Y: 1535 | Z: 1437 | Status: ACTIVE,0
2025-09-14 13:34:34,Vibration: 1 | X: 1600 | Y: 1332 | Z: 1410 | Status: ACTIVE,1,Vibration: 0 | X: 1879 | Y: 1535 | Z: 1392 | Status: ACTIVE,0
2025-09-14 13:34:35,Vibration: 0 | X: 1593 | Y: 1328 | Z: 1402 | Status: ACTIVE,0,Vibration: 0 | X: 1845 | Y: 1535 | Z: 1423 | Status: ACTIVE,0
2025-09-14 13:34:37,Vibration: 0 | X: 1593 | Y: 1328 | Z: 1402 | Status: ACTIVE,0,Vibration: 0 | X: 1845 | Y: 1535 | Z: 1423 | Status: ACTIVE,0
2025-09-14 13:34:38,Vibration: 0 | X: 1593 | Y: 1328 | Z: 1402 | Status: ACTIVE,0,Vibration: 0 | X: 1845 | Y: 1535 | Z: 1423 | Status: ACTIVE,0
2025-09-14 13:34:39,Vibration: 0 | X: 1593 | Y: 1328 | Z: 1402 | Status: ACTIVE,0,Vibration: 0 | X: 1862 | Y: 1535 | Z: 1411 | Status: ACTIVE,0
2025-09-14 13:34:40,Vibration: 0 | X: 1599 | Y: 1328 | Z: 1399 | Status: ACTIVE,0,Vibration: 0 | X: 1859 | Y: 1535 | Z: 1411 | Status: ACTIVE,0
2025-09-14 13:34:41,Vibration: 1 | X: 1596 | Y: 1328 | Z: 1402 | Status: ACTIVE,1,Vibration: 0 | X: 1856 | Y: 1535 | Z: 1412 | Status: ACTIVE,0
2025-09-14 13:34:42,Vibration: 0 | X: 1591 | Y: 1328 | Z: 1398 | Status: ACTIVE,0,Vibration: 0 | X: 1854 | Y: 1535 | Z: 1405 | Status: ACTIVE,0
2025-09-14 13:34:44,Vibration: 1 | X: 1586 | Y: 1328 | Z: 1394 | Status: ACTIVE,1,Vibration: 0 | X: 1857 | Y: 1535 | Z: 1411 | Status: ACTIVE,0
2025-09-14 13:34:45,Vibration: 1 | X: 1586 | Y: 1328 | Z: 1394 | Status: ACTIVE,1,Vibration: 0 | X: 1853 | Y: 1535 | Z: 1408 | Status: ACTIVE,0
2025-09-14 13:34:46,Vibration: 0 | X: 1594 | Y: 1331 | Z: 1402 | Status: ACTIVE,0,Vibration: 0 | X: 1858 | Y: 1535 | Z: 1413 | Status: ACTIVE,0
2025-09-14 13:34:48,Vibration: 0 | X: 1594 | Y: 1331 | Z: 1402 | Status: ACTIVE,0,Vibration: 0 | X: 1859 | Y: 1535 | Z: 1410 | Status: ACTIVE,0
2025-09-14 13:34:49,Vibration: 0 | X: 1594 | Y: 1331 | Z: 1402 | Status: ACTIVE,0,Vibration: 0 | X: 1864 | Y: 1552 | Z: 1411 | Status: ACTIVE,0
2025-09-14 13:34:50,Vibration: 0 | X: 1594 | Y: 1331 | Z: 1402 | Status: ACTIVE,0,Vibration: 0 | X: 1866 | Y: 1535 | Z: 1412 | Status: ACTIVE,0
2025-09-14 13:34:51,Vibration: 0 | X: 1590 | Y: 1328 | Z: 1405 | Status: ACTIVE,0,Vibration: 0 | X: 1850 | Y: 1535 | Z: 1407 | Status: ACTIVE,0
2025-09-14 13:34:53,Vibration: 1 | X: 1594 | Y: 1326 | Z: 1395 | Status: ACTIVE,1,Vibration: 0 | X: 1847 | Y: 1535 | Z: 1408 | Status: ACTIVE,0
2025-09-14 13:34:57,Vibration: 1 | X: 1590 | Y: 1333 | Z: 1407 | Status: ACTIVE,1,Vibration: 0 | X: 1859 | Y: 1535 | Z: 1404 | Status: ACTIVE,0
2025-09-14 13:34:58,Vibration: 0 | X: 1571 | Y: 1309 | Z: 1392 | Status: ACTIVE,0,Vibration: 0 | X: 1858 | Y: 1535 | Z: 1397 | Status: ACTIVE,0
2025-09-14 13:35:00,Vibration: 0 | X: 1594 | Y: 1331 | Z: 1394 | Status: ACTIVE,0,Vibration: 0 | X: 1852 | Y: 1535 | Z: 1411 | Status: ACTIVE,0
2025-09-14 13:35:01,Vibration: 0 | X: 1591 | Y: 1325 | Z: 1404 | Status: ACTIVE,0,Vibration: 0 | X: 1850 | Y: 1535 | Z: 1410 | Status: ACTIVE,0
2025-09-14 13:35:03,Vibration: 1 | X: 1591 | Y: 1329 | Z: 1399 | Status: ACTIVE,1,Vibration: 0 | X: 1859 | Y: 1535 | Z: 1410 | Status: ACTIVE,0
2025-09-14 13:35:04,Vibration: 0 | X: 1594 | Y: 1328 | Z: 1402 | Status: ACTIVE,0,Vibration: 0 | X: 1856 | Y: 1535 | Z: 1410 | Status: ACTIVE,0
2025-09-14 13:35:05,Vibration: 1 | X: 1584 | Y: 1327 | Z: 1398 | Status: ACTIVE,1,Vibration: 0 | X: 1847 | Y: 1533 | Z: 1398 | Status: ACTIVE,0
2025-09-14 13:35:06,Vibration: 0 | X: 1582 | Y: 1312 | Z: 1389 | Status: ACTIVE,0,Vibration: 0 | X: 1856 | Y: 1535 | Z: 1409 | Status: ACTIVE,0
2025-09-14 13:35:08,Vibration: 0 | X: 1592 | Y: 1332 | Z: 1401 | Status: ACTIVE,0,Vibration: 0 | X: 1853 | Y: 1535 | Z: 1408 | Status: ACTIVE,0
2025-09-14 13:35:09,Vibration: 1 | X: 1590 | Y: 1333 | Z: 1403 | Status: ACTIVE,1,Vibration: 0 | X: 1856 | Y: 1535 | Z: 1412 | Status: ACTIVE,0
2025-09-14 13:35:11,Vibration: 0 | X: 1585 | Y: 1330 | Z: 1402 | Status: ACTIVE,0,Vibration: 0 | X: 1857 | Y: 1535 | Z: 1414 | Status: ACTIVE,0
2025-09-14 13:35:12,Vibration: 0 | X: 1585 | Y: 1330 | Z: 1402 | Status: ACTIVE,0,Vibration: 0 | X: 1846 | Y: 1532 | Z: 1398 | Status: ACTIVE,0
2025-09-14 13:35:13,Vibration: 1 | X: 1591 | Y: 1328 | Z: 1406 | Status: ACTIVE,1,Vibration: 0 | X: 1857 | Y: 1535 | Z: 1410 | Status: ACTIVE,0
2025-09-14 13:35:14,Vibration: 1 | X: 1606 | Y: 1333 | Z: 1392 | Status: ACTIVE,1,Vibration: 0 | X: 1861 | Y: 1535 | Z: 1409 | Status: ACTIVE,0
2025-09-14 13:35:16,Vibration: 1 | X: 1571 | Y: 1320 | Z: 1391 | Status: ACTIVE,1,Vibration: 0 | X: 1857 | Y: 1535 | Z: 1410 | Status: ACTIVE,0
2025-09-14 13:35:17,Vibration: 1 | X: 1571 | Y: 1320 | Z: 1391 | Status: ACTIVE,1,Vibration: 0 | X: 1862 | Y: 1535 | Z: 1415 | Status: ACTIVE,0
2025-09-14 13:35:18,Vibration: 1 | X: 1571 | Y: 1320 | Z: 1391 | Status: ACTIVE,1,Vibration: 0 | X: 1855 | Y: 1535 | Z: 1408 | Status: ACTIVE,0
2025-09-14 13:35:19,Vibration: 0 | X: 1599 | Y: 1324 | Z: 1402 | Status: ACTIVE,0,Vibration: 0 | X: 1857 | Y: 1535 | Z: 1409 | Status: ACTIVE,0
2025-09-14 13:35:20,Vibration: 0 | X: 1584 | Y: 1322 | Z: 1390 | Status: ACTIVE,0,Vibration: 0 | X: 1861 | Y: 1535 | Z: 1408 | Status: ACTIVE,0
2025-09-14 13:35:22,Vibration: 0 | X: 1572 | Y: 1311 | Z: 1383 | Status: ACTIVE,0,Vibration: 0 | X: 1862 | Y: 1535 | Z: 1410 | Status: ACTIVE,0
2025-09-14 13:35:23,Vibration: 0 | X: 1584 | Y: 1310 | Z: 1395 | Status: ACTIVE,0,Vibration: 0 | X: 1862 | Y: 1535 | Z: 1410 | Status: ACTIVE,0
2025-09-14 13:35:24,Vibration: 0 | X: 1572 | Y: 1309 | Z: 1377 | Status: ACTIVE,0,Vibration: 0 | X: 1862 | Y: 1535 | Z: 1410 | Status: ACTIVE,0
2025-09-14 13:35:25,Vibration: 0 | X: 1602 | Y: 1329 | Z: 1422 | Status: ACTIVE,0,Vibration: 0 | X: 1862 | Y: 1535 | Z: 1410 | Status: ACTIVE,0
2025-09-14 13:35:27,Vibration: 1 | X: 1587 | Y: 1330 | Z: 1408 | Status: ACTIVE,1,Vibration: 0 | X: 1818 | Y: 1521 | Z: 1403 | Status: ACTIVE,0
2025-09-14 13:35:28,Vibration: 0 | X: 1575 | Y: 1322 | Z: 1394 | Status: ACTIVE,0,Vibration: 0 | X: 1858 | Y: 1535 | Z: 1413 | Status: ACTIVE,0
2025-09-14 13:35:29,Vibration: 1 | X: 1598 | Y: 1328 | Z: 1405 | Status: ACTIVE,1,Vibration: 0 | X: 1856 | Y: 1535 | Z: 1410 | Status: ACTIVE,0
2025-09-14 13:35:30,Vibration: 0 | X: 1593 | Y: 1334 | Z: 1403 | Status: ACTIVE,0,Vibration: 0 | X: 1856 | Y: 1535 | Z: 1409 | Status: ACTIVE,0
2025-09-14 13:35:32,Vibration: 1 | X: 1574 | Y: 1333 | Z: 1403 | Status: ACTIVE,1,Vibration: 0 | X: 1856 | Y: 1535 | Z: 1412 | Status: ACTIVE,0
2025-09-14 13:35:33,Vibration: 0 | X: 1591 | Y: 1328 | Z: 1398 | Status: ACTIVE,0,Vibration: 0 | X: 1859 | Y: 1535 | Z: 1409 | Status: ACTIVE,0
2025-09-14 13:35:34,Vibration: 1 | X: 1595 | Y: 1330 | Z: 1407 | Status: ACTIVE,1,Vibration: 0 | X: 1857 | Y: 1535 | Z: 1409 | Status: ACTIVE,0
2025-09-14 13:35:36,Vibration: 1 | X: 1589 | Y: 1329 | Z: 1399 | Status: ACTIVE,1,Vibration: 0 | X: 1835 | Y: 1523 | Z: 1396 | Status: ACTIVE,0
2025-09-14 13:35:37,Vibration: 0 | X: 1590 | Y: 1328 | Z: 1402 | Status: ACTIVE,0,Vibration: 0 | X: 1824 | Y: 1511 | Z: 1392 | Status: ACTIVE,0
2025-09-14 13:35:39,Vibration: 1 | X: 1584 | Y: 1315 | Z: 1392 | Status: ACTIVE,1,Vibration: 0 | X: 1868 | Y: 1552 | Z: 1412 | Status: ACTIVE,0
2025-09-14 13:35:40,Vibration: 1 | X: 1595 | Y: 1331 | Z: 1408 | Status: ACTIVE,1,Vibration: 0 | X: 1856 | Y: 1535 | Z: 1414 | Status: ACTIVE,0
2025-09-14 13:35:41,Vibration: 1 | X: 1584 | Y: 1329 | Z: 1409 | Status: ACTIVE,1,Vibration: 0 | X: 1858 | Y: 1535 | Z: 1411 | Status: ACTIVE,0
2025-09-14 13:35:42,Vibration: 0 | X: 1591 | Y: 1325 | Z: 1403 | Status: ACTIVE,0,Vibration: 0 | X: 1841 | Y: 1552 | Z: 1417 | Status: ACTIVE,0
2025-09-14 13:35:44,Vibration: 0 | X: 1598 | Y: 1331 | Z: 1394 | Status: ACTIVE,0,Vibration: 0 | X: 1855 | Y: 1535 | Z: 1423 | Status: ACTIVE,0
2025-09-14 13:35:45,Vibration: 1 | X: 1572 | Y: 1308 | Z: 1382 | Status: ACTIVE,1,Vibration: 0 | X: 1859 | Y: 1535 | Z: 1410 | Status: ACTIVE,0
2025-09-14 13:35:46,Vibration: 0 | X: 1590 | Y: 1329 | Z: 1408 | Status: ACTIVE,0,Vibration: 0 | X: 1858 | Y: 1535 | Z: 1411 | Status: ACTIVE,0
2025-09-14 13:35:48,Vibration: 1 | X: 1579 | Y: 1313 | Z: 1392 | Status: ACTIVE,1,Vibration: 0 | X: 1840 | Y: 1535 | Z: 1422 | Status: ACTIVE,0
2025-09-14 13:35:49,Vibration: 0 | X: 1599 | Y: 1332 | Z: 1404 | Status: ACTIVE,0,Vibration: 0 | X: 1858 | Y: 1535 | Z: 1410 | Status: ACTIVE,0
2025-09-14 13:35:50,Vibration: 0 | X: 1589 | Y: 1328 | Z: 1399 | Status: ACTIVE,0,Vibration: 0 | X: 1858 | Y: 1535 | Z: 1411 | Status: ACTIVE,0
2025-09-14 13:35:52,Vibration: 1 | X: 1568 | Y: 1307 | Z: 1392 | Status: ACTIVE,1,Vibration: 0 | X: 1857 | Y: 1535 | Z: 1413 | Status: ACTIVE,0
2025-09-14 13:35:53,Vibration: 0 | X: 1585 | Y: 1323 | Z: 1399 | Status: ACTIVE,0,Vibration: 0 | X: 1840 | Y: 1529 | Z: 1401 | Status: ACTIVE,0
2025-09-14 13:35:54,Vibration: 0 | X: 1583 | Y: 1323 | Z: 1392 | Status: ACTIVE,0,Vibration: 0 | X: 1851 | Y: 1535 | Z: 1409 | Status: ACTIVE,0
2025-09-14 13:35:55,Vibration: 0 | X: 1590 | Y: 1329 | Z: 1401 | Status: ACTIVE,0,Vibration: 0 | X: 1857 | Y: 1535 | Z: 1415 | Status: ACTIVE,0
2025-09-14 13:35:57,Vibration: 0 | X: 1586 | Y: 1328 | Z: 1398 | Status: ACTIVE,0,Vibration: 0 | X: 1856 | Y: 1535 | Z: 1409 | Status: ACTIVE,0
2025-09-14 13:35:58,Vibration: 1 | X: 1575 | Y: 1327 | Z: 1392 | Status: ACTIVE,1,Vibration: 0 | X: 1856 | Y: 1535 | Z: 1410 | Status: ACTIVE,0
2025-09-14 13:35:59,Vibration: 1 | X: 1591 | Y: 1331 | Z: 1401 | Status: ACTIVE,1,Vibration: 0 | X: 1859 | Y: 1535 | Z: 1410 | Status: ACTIVE,0
2025-09-14 13:36:03,Vibration: 0 | X: 1590 | Y: 1329 | Z: 1407 | Status: ACTIVE,0,Vibration: 0 | X: 1859 | Y: 1535 | Z: 1410 | Status: ACTIVE,0
2025-09-14 13:36:04,Vibration: 0 | X: 1590 | Y: 1329 | Z: 1407 | Status: ACTIVE,0,Vibration: 0 | X: 1859 | Y: 1535 | Z: 1411 | Status: ACTIVE,0
2025-09-14 13:36:05,Vibration: 1 | X: 1586 | Y: 1329 | Z: 1399 | Status: ACTIVE,1,Vibration: 0 | X: 1866 | Y: 1535 | Z: 1406 | Status: ACTIVE,0
2025-09-14 13:36:06,Vibration: 1 | X: 1585 | Y: 1333 | Z: 1394 | Status: ACTIVE,1,Vibration: 0 | X: 1855 | Y: 1535 | Z: 1408 | Status: ACTIVE,0
2025-09-14 13:36:07,Vibration: 0 | X: 1584 | Y: 1322 | Z: 1390 | Status: ACTIVE,0,Vibration: 0 | X: 1840 | Y: 1525 | Z: 1395 | Status: ACTIVE,0
2025-09-14 13:36:10,Vibration: 0 | X: 1593 | Y: 1328 | Z: 1407 | Status: ACTIVE,0,Vibration: 0 | X: 1854 | Y: 1535 | Z: 1409 | Status: ACTIVE,0
2025-09-14 13:36:14,Vibration: 0 | X: 1572 | Y: 1313 | Z: 1385 | Status: ACTIVE,0,Vibration: 0 | X: 1844 | Y: 1527 | Z: 1401 | Status: ACTIVE,0
2025-09-14 13:36:16,Vibration: 0 | X: 1569 | Y: 1320 | Z: 1381 | Status: ACTIVE,0,Vibration: 0 | X: 1841 | Y: 1532 | Z: 1410 | Status: ACTIVE,0
2025-09-14 13:36:17,Vibration: 1 | X: 1595 | Y: 1328 | Z: 1397 | Status: ACTIVE,1,Vibration: 0 | X: 1846 | Y: 1532 | Z: 1397 | Status: ACTIVE,0
2025-09-14 13:36:18,Vibration: 1 | X: 1585 | Y: 1328 | Z: 1395 | Status: ACTIVE,1,Vibration: 0 | X: 1855 | Y: 1535 | Z: 1408 | Status: ACTIVE,0
2025-09-14 13:36:20,Vibration: 0 | X: 1598 | Y: 1331 | Z: 1407 | Status: ACTIVE,0,Vibration: 0 | X: 1853 | Y: 1535 | Z: 1405 | Status: ACTIVE,0
2025-09-14 13:36:21,Vibration: 1 | X: 1591 | Y: 1329 | Z: 1398 | Status: ACTIVE,1,Vibration: 0 | X: 1856 | Y: 1535 | Z: 1407 | Status: ACTIVE,0
2025-09-14 13:36:22,Vibration: 1 | X: 1591 | Y: 1329 | Z: 1398 | Status: ACTIVE,1,Vibration: 0 | X: 1856 | Y: 1535 | Z: 1407 | Status: ACTIVE,0
2025-09-14 13:36:23,Vibration: 1 | X: 1591 | Y: 1329 | Z: 1398 | Status: ACTIVE,1,Vibration: 0 | X: 1856 | Y: 1535 | Z: 1407 | Status: ACTIVE,0
2025-09-14 13:36:24,Vibration: 1 | X: 1591 | Y: 1329 | Z: 1398 | Status: ACTIVE,1,Vibration: 0 | X: 1856 | Y: 1535 | Z: 1407 | Status: ACTIVE,0
2025-09-14 13:36:25,Vibration: 0 | X: 1590 | Y: 1328 | Z: 1401 | Status: ACTIVE,0,Vibration: 0 | X: 1857 | Y: 1535 | Z: 1411 | Status: ACTIVE,0
2025-09-14 13:36:27,Vibration: 0 | X: 1590 | Y: 1328 | Z: 1401 | Status: ACTIVE,0,Vibration: 0 | X: 1857 | Y: 1535 | Z: 1411 | Status: ACTIVE,0
2025-09-14 13:36:28,Vibration: 0 | X: 1590 | Y: 1328 | Z: 1401 | Status: ACTIVE,0,Vibration: 0 | X: 1857 | Y: 1535 | Z: 1411 | Status: ACTIVE,0
2025-09-14 13:36:29,Vibration: 0 | X: 1594 | Y: 1328 | Z: 1404 | Status: ACTIVE,0,Vibration: 0 | X: 1857 | Y: 1535 | Z: 1411 | Status: ACTIVE,0
2025-09-14 13:36:31,Vibration: 0 | X: 1599 | Y: 1331 | Z: 1407 | Status: ACTIVE,0,Vibration: 0 | X: 1862 | Y: 1535 | Z: 1410 | Status: ACTIVE,0
2025-09-14 13:36:32,Vibration: 1 | X: 1593 | Y: 1328 | Z: 1405 | Status: ACTIVE,1,Vibration: 0 | X: 1845 | Y: 1555 | Z: 1424 | Status: ACTIVE,0
2025-09-14 13:36:34,Vibration: 0 | X: 1599 | Y: 1328 | Z: 1397 | Status: ACTIVE,0,Vibration: 0 | X: 1859 | Y: 1535 | Z: 1411 | Status: ACTIVE,0
2025-09-14 13:36:35,Vibration: 1 | X: 1589 | Y: 1329 | Z: 1392 | Status: ACTIVE,1,Vibration: 0 | X: 1857 | Y: 1535 | Z: 1414 | Status: ACTIVE,0
2025-09-14 13:36:36,Vibration: 0 | X: 1590 | Y: 1332 | Z: 1403 | Status: ACTIVE,0,Vibration: 0 | X: 1847 | Y: 1535 | Z: 1409 | Status: ACTIVE,0
2025-09-14 13:36:39,Vibration: 0 | X: 1590 | Y: 1328 | Z: 1392 | Status: ACTIVE,0,Vibration: 0 | X: 1857 | Y: 1535 | Z: 1411 | Status: ACTIVE,0
2025-09-14 13:36:40,Vibration: 1 | X: 1588 | Y: 1328 | Z: 1393 | Status: ACTIVE,1,Vibration: 0 | X: 1859 | Y: 1535 | Z: 1409 | Status: ACTIVE,0
2025-09-14 13:36:42,Vibration: 0 | X: 1591 | Y: 1328 | Z: 1397 | Status: ACTIVE,0,Vibration: 0 | X: 1857 | Y: 1535 | Z: 1413 | Status: ACTIVE,0
2025-09-14 13:36:43,Vibration: 0 | X: 1591 | Y: 1328 | Z: 1397 | Status: ACTIVE,0,Vibration: 0 | X: 1857 | Y: 1535 | Z: 1413 | Status: ACTIVE,0
2025-09-14 13:36:44,Vibration: 0 | X: 1591 | Y: 1328 | Z: 1397 | Status: ACTIVE,0,Vibration: 0 | X: 1837 | Y: 1522 | Z: 1393 | Status: ACTIVE,0
2025-09-14 13:36:45,Vibration: 0 | X: 1591 | Y: 1328 | Z: 1397 | Status: ACTIVE,0,Vibration: 0 | X: 1849 | Y: 1533 | Z: 1399 | Status: ACTIVE,0
2025-09-14 13:36:49,Vibration: 0 | X: 1590 | Y: 1331 | Z: 1403 | Status: ACTIVE,0,Vibration: 0 | X: 1859 | Y: 1535 | Z: 1414 | Status: ACTIVE,0
2025-09-14 13:36:51,Vibration: 1 | X: 1597 | Y: 1322 | Z: 1408 | Status: ACTIVE,1,Vibration: 0 | X: 1843 | Y: 1535 | Z: 1397 | Status: ACTIVE,0
2025-09-14 13:36:52,Vibration: 1 | X: 1584 | Y: 1319 | Z: 1391 | Status: ACTIVE,1,Vibration: 0 | X: 1838 | Y: 1523 | Z: 1394 | Status: ACTIVE,0
2025-09-14 13:36:54,Vibration: 0 | X: 1588 | Y: 1333 | Z: 1398 | Status: ACTIVE,0,Vibration: 0 | X: 1858 | Y: 1552 | Z: 1410 | Status: ACTIVE,0
2025-09-14 13:36:57,Vibration: 1 | X: 1593 | Y: 1335 | Z: 1408 | Status: ACTIVE,1,Vibration: 0 | X: 1854 | Y: 1534 | Z: 1407 | Status: ACTIVE,0
2025-09-14 13:36:59,Vibration: 1 | X: 1586 | Y: 1328 | Z: 1392 | Status: ACTIVE,1,Vibration: 0 | X: 1843 | Y: 1531 | Z: 1403 | Status: ACTIVE,0
2025-09-14 13:37:01,Vibration: 0 | X: 1583 | Y: 1323 | Z: 1397 | Status: ACTIVE,0,Vibration: 0 | X: 1844 | Y: 1525 | Z: 1398 | Status: ACTIVE,0
2025-09-14 13:37:05,Vibration: 0 | X: 1591 | Y: 1327 | Z: 1407 | Status: ACTIVE,0,Vibration: 0 | X: 1844 | Y: 1525 | Z: 1398 | Status: ACTIVE,0
2025-09-14 13:37:06,Vibration: 0 | X: 1591 | Y: 1327 | Z: 1407 | Status: ACTIVE,0,Vibration: 0 | X: 1861 | Y: 1535 | Z: 1413 | Status: ACTIVE,0
2025-09-14 13:37:08,Vibration: 0 | X: 1591 | Y: 1333 | Z: 1398 | Status: ACTIVE,0,Vibration: 0 | X: 1850 | Y: 1535 | Z: 1404 | Status: ACTIVE,0
2025-09-14 13:37:09,Vibration: 0 | X: 1591 | Y: 1333 | Z: 1398 | Status: ACTIVE,0,Vibration: 0 | X: 1855 | Y: 1535 | Z: 1408 | Status: ACTIVE,0
2025-09-14 13:37:10,Vibration: 0 | X: 1591 | Y: 1333 | Z: 1398 | Status: ACTIVE,0,Vibration: 0 | X: 1855 | Y: 1535 | Z: 1408 | Status: ACTIVE,0
2025-09-14 13:37:12,Vibration: 0 | X: 1591 | Y: 1333 | Z: 1398 | Status: ACTIVE,0,Vibration: 0 | X: 1847 | Y: 1535 | Z: 1403 | Status: ACTIVE,0
2025-09-14 13:37:13,Vibration: 0 | X: 1591 | Y: 1333 | Z: 1398 | Status: ACTIVE,0,Vibration: 0 | X: 1873 | Y: 1520 | Z: 1401 | Status: ACTIVE,0
2025-09-14 13:37:14,Vibration: 0 | X: 1591 | Y: 1333 | Z: 1398 | Status: ACTIVE,0,Vibration: 0 | X: 1809 | Y: 1520 | Z: 1425 | Status: ACTIVE,0
2025-09-14 13:37:15,Vibration: 0 | X: 1591 | Y: 1333 | Z: 1398 | Status: ACTIVE,0,Vibration: 0 | X: 1809 | Y: 1520 | Z: 1425 | Status: ACTIVE,0
2025-09-14 13:37:16,Vibration: 0 | X: 1591 | Y: 1333 | Z: 1398 | Status: ACTIVE,0,Vibration: 0 | X: 1869 | Y: 1535 | Z: 1403 | Status: ACTIVE,0
2025-09-14 13:37:17,Vibration: 1 | X: 1588 | Y: 1363 | Z: 1367 | Status: ACTIVE,1,Vibration: 0 | X: 1853 | Y: 1552 | Z: 1405 | Status: ACTIVE,0
2025-09-14 13:37:18,Vibration: 1 | X: 1562 | Y: 1265 | Z: 1330 | Status: ACTIVE,1,Vibration: 0 | X: 1830 | Y: 1525 | Z: 1397 | Status: ACTIVE,0
2025-09-14 13:37:20,Vibration: 1 | X: 1565 | Y: 1315 | Z: 1457 | Status: ACTIVE,1,Vibration: 0 | X: 1857 | Y: 1535 | Z: 1408 | Status: ACTIVE,0
2025-09-14 13:37:21,Vibration: 0 | X: 1596 | Y: 1314 | Z: 1399 | Status: ACTIVE,0,Vibration: 0 | X: 1878 | Y: 1535 | Z: 1373 | Status: ACTIVE,0
2025-09-14 13:37:22,Vibration: 0 | X: 1596 | Y: 1314 | Z: 1399 | Status: ACTIVE,0,Vibration: 0 | X: 1853 | Y: 1535 | Z: 1405 | Status: ACTIVE,0
2025-09-14 13:37:24,Vibration: 0 | X: 1596 | Y: 1314 | Z: 1399 | Status: ACTIVE,0,Vibration: 0 | X: 1854 | Y: 1535 | Z: 1405 | Status: ACTIVE,0
2025-09-14 13:37:25,Vibration: 0 | X: 1596 | Y: 1314 | Z: 1399 | Status: ACTIVE,0,Vibration: 0 | X: 1851 | Y: 1534 | Z: 1403 | Status: ACTIVE,0
2025-09-14 13:37:26,Vibration: 1 | X: 1586 | Y: 1327 | Z: 1398 | Status: ACTIVE,1,Vibration: 0 | X: 1858 | Y: 1535 | Z: 1397 | Status: ACTIVE,0
2025-09-14 13:37:27,Vibration: 1 | X: 1599 | Y: 1327 | Z: 1402 | Status: ACTIVE,1,Vibration: 0 | X: 1883 | Y: 1564 | Z: 1394 | Status: ACTIVE,0
2025-09-14 13:37:29,Vibration: 1 | X: 1595 | Y: 1326 | Z: 1396 | Status: ACTIVE,1,Vibration: 0 | X: 1822 | Y: 1523 | Z: 1418 | Status: ACTIVE,0
2025-09-14 13:37:30,Vibration: 1 | X: 1594 | Y: 1335 | Z: 1397 | Status: ACTIVE,1,Vibration: 0 | X: 1853 | Y: 1533 | Z: 1406 | Status: ACTIVE,0
2025-09-14 13:37:31,Vibration: 1 | X: 1584 | Y: 1325 | Z: 1399 | Status: ACTIVE,1,Vibration: 0 | X: 1875 | Y: 1535 | Z: 1411 | Status: ACTIVE,0
2025-09-14 13:37:37,Vibration: 1 | X: 1584 | Y: 1325 | Z: 1385 | Status: ACTIVE,1,Vibration: 0 | X: 1875 | Y: 1535 | Z: 1411 | Status: ACTIVE,0
2025-09-14 13:37:39,Vibration: 0 | X: 1586 | Y: 1318 | Z: 1393 | Status: ACTIVE,0,Vibration: 0 | X: 1875 | Y: 1535 | Z: 1411 | Status: ACTIVE,0
2025-09-14 13:37:40,Vibration: 1 | X: 1581 | Y: 1314 | Z: 1395 | Status: ACTIVE,1,Vibration: 0 | X: 1875 | Y: 1535 | Z: 1411 | Status: ACTIVE,0
2025-09-14 13:37:41,Vibration: 1 | X: 1594 | Y: 1331 | Z: 1400 | Status: ACTIVE,1,Vibration: 0 | X: 1875 | Y: 1535 | Z: 1411 | Status: ACTIVE,0
2025-09-14 13:37:42,Vibration: 1 | X: 1629 | Y: 1323 | Z: 1377 | Status: ACTIVE,1,Vibration: 0 | X: 1857 | Y: 1535 | Z: 1409 | Status: ACTIVE,0
2025-09-14 13:37:43,Vibration: 0 | X: 1584 | Y: 1323 | Z: 1393 | Status: ACTIVE,0,Vibration: 0 | X: 1858 | Y: 1535 | Z: 1410 | Status: ACTIVE,0
2025-09-14 13:37:44,Vibration: 0 | X: 1584 | Y: 1312 | Z: 1393 | Status: ACTIVE,0,Vibration: 0 | X: 1852 | Y: 1535 | Z: 1407 | Status: ACTIVE,0
2025-09-14 13:37:46,Vibration: 0 | X: 1584 | Y: 1312 | Z: 1393 | Status: ACTIVE,0,Vibration: 0 | X: 1856 | Y: 1535 | Z: 1409 | Status: ACTIVE,0
2025-09-14 13:37:47,Vibration: 0 | X: 1584 | Y: 1312 | Z: 1393 | Status: ACTIVE,0,Vibration: 0 | X: 1849 | Y: 1531 | Z: 1406 | Status: ACTIVE,0
2025-09-14 13:37:48,Vibration: 0 | X: 1584 | Y: 1312 | Z: 1393 | Status: ACTIVE,0,Vibration: 0 | X: 1837 | Y: 1523 | Z: 1394 | Status: ACTIVE,0
2025-09-14 13:37:52,Vibration: 0 | X: 1575 | Y: 1313 | Z: 1387 | Status: ACTIVE,0,Vibration: 0 | X: 1856 | Y: 1535 | Z: 1409 | Status: ACTIVE,0
2025-09-14 13:37:53,Vibration: 0 | X: 1575 | Y: 1313 | Z: 1387 | Status: ACTIVE,0,Vibration: 0 | X: 1856 | Y: 1535 | Z: 1409 | Status: ACTIVE,0
2025-09-14 13:37:54,Vibration: 0 | X: 1594 | Y: 1328 | Z: 1402 | Status: ACTIVE,0,Vibration: 0 | X: 1858 | Y: 1535 | Z: 1414 | Status: ACTIVE,0
2025-09-14 13:37:55,Vibration: 0 | X: 1593 | Y: 1328 | Z: 1398 | Status: ACTIVE,0,Vibration: 0 | X: 1840 | Y: 1527 | Z: 1395 | Status: ACTIVE,0
2025-09-14 13:37:57,Vibration: 0 | X: 1593 | Y: 1328 | Z: 1398 | Status: ACTIVE,0,Vibration: 0 | X: 1840 | Y: 1527 | Z: 1395 | Status: ACTIVE,0
2025-09-14 13:37:58,Vibration: 0 | X: 1593 | Y: 1328 | Z: 1398 | Status: ACTIVE,0,Vibration: 0 | X: 1860 | Y: 1535 | Z: 1411 | Status: ACTIVE,0
2025-09-14 13:37:59,Vibration: 0 | X: 1593 | Y: 1328 | Z: 1398 | Status: ACTIVE,0,Vibration: 0 | X: 1842 | Y: 1525 | Z: 1395 | Status: ACTIVE,0
2025-09-14 13:38:01,Vibration: 1 | X: 1589 | Y: 1330 | Z: 1396 | Status: ACTIVE,1,Vibration: 0 | X: 1843 | Y: 1520 | Z: 1395 | Status: ACTIVE,0
2025-09-14 13:38:02,Vibration: 0 | X: 1591 | Y: 1328 | Z: 1402 | Status: ACTIVE,0,Vibration: 0 | X: 1842 | Y: 1535 | Z: 1403 | Status: ACTIVE,0
2025-09-14 13:38:03,Vibration: 1 | X: 1583 | Y: 1312 | Z: 1390 | Status: ACTIVE,1,Vibration: 0 | X: 1844 | Y: 1527 | Z: 1401 | Status: ACTIVE,0
2025-09-14 13:38:04,Vibration: 1 | X: 1572 | Y: 1324 | Z: 1387 | Status: ACTIVE,1,Vibration: 0 | X: 1843 | Y: 1527 | Z: 1402 | Status: ACTIVE,0
2025-09-14 13:38:06,Vibration: 1 | X: 1575 | Y: 1314 | Z: 1387 | Status: ACTIVE,1,Vibration: 0 | X: 1843 | Y: 1527 | Z: 1402 | Status: ACTIVE,0
2025-09-14 13:38:07,Vibration: 0 | X: 1579 | Y: 1311 | Z: 1387 | Status: ACTIVE,0,Vibration: 0 | X: 1843 | Y: 1527 | Z: 1402 | Status: ACTIVE,0
2025-09-14 13:38:08,Vibration: 0 | X: 1584 | Y: 1319 | Z: 1392 | Status: ACTIVE,0,Vibration: 0 | X: 1843 | Y: 1527 | Z: 1402 | Status: ACTIVE,0
2025-09-14 13:38:09,Vibration: 0 | X: 1583 | Y: 1309 | Z: 1392 | Status: ACTIVE,0,Vibration: 0 | X: 1840 | Y: 1527 | Z: 1395 | Status: ACTIVE,0
2025-09-14 13:38:10,Vibration: 0 | X: 1583 | Y: 1309 | Z: 1392 | Status: ACTIVE,0,Vibration: 0 | X: 1842 | Y: 1533 | Z: 1399 | Status: ACTIVE,0
2025-09-14 13:38:11,Vibration: 0 | X: 1574 | Y: 1317 | Z: 1389 | Status: ACTIVE,0,Vibration: 0 | X: 1837 | Y: 1521 | Z: 1391 | Status: ACTIVE,0
2025-09-14 13:38:13,Vibration: 0 | X: 1597 | Y: 1329 | Z: 1403 | Status: ACTIVE,0,Vibration: 0 | X: 1840 | Y: 1525 | Z: 1392 | Status: ACTIVE,0
2025-09-14 13:38:14,Vibration: 0 | X: 1591 | Y: 1328 | Z: 1400 | Status: ACTIVE,0,Vibration: 0 | X: 1835 | Y: 1525 | Z: 1394 | Status: ACTIVE,0
2025-09-14 13:38:15,Vibration: 0 | X: 1575 | Y: 1324 | Z: 1388 | Status: ACTIVE,0,Vibration: 0 | X: 1840 | Y: 1526 | Z: 1394 | Status: ACTIVE,0
2025-09-14 13:38:17,Vibration: 0 | X: 1584 | Y: 1328 | Z: 1395 | Status: ACTIVE,0,Vibration: 0 | X: 1843 | Y: 1535 | Z: 1401 | Status: ACTIVE,0
2025-09-14 13:38:18,Vibration: 0 | X: 1573 | Y: 1312 | Z: 1390 | Status: ACTIVE,0,Vibration: 0 | X: 1843 | Y: 1535 | Z: 1401 | Status: ACTIVE,0
2025-09-14 13:38:19,Vibration: 0 | X: 1595 | Y: 1328 | Z: 1398 | Status: ACTIVE,0,Vibration: 0 | X: 1843 | Y: 1535 | Z: 1401 | Status: ACTIVE,0
2025-09-14 13:38:22,Vibration: 0 | X: 1591 | Y: 1332 | Z: 1407 | Status: ACTIVE,0,Vibration: 0 | X: 1843 | Y: 1535 | Z: 1401 | Status: ACTIVE,0
2025-09-14 13:38:23,Vibration: 0 | X: 1591 | Y: 1332 | Z: 1407 | Status: ACTIVE,0,Vibration: 0 | X: 1839 | Y: 1520 | Z: 1395 | Status: ACTIVE,0
2025-09-14 13:38:24,Vibration: 0 | X: 1591 | Y: 1332 | Z: 1407 | Status: ACTIVE,0,Vibration: 0 | X: 1839 | Y: 1520 | Z: 1395 | Status: ACTIVE,0
2025-09-14 13:38:25,Vibration: 0 | X: 1591 | Y: 1332 | Z: 1407 | Status: ACTIVE,0,Vibration: 0 | X: 1839 | Y: 1520 | Z: 1395 | Status: ACTIVE,0
2025-09-14 13:38:26,Vibration: 0 | X: 1591 | Y: 1328 | Z: 1403 | Status: ACTIVE,0,Vibration: 0 | X: 1856 | Y: 1535 | Z: 1406 | Status: ACTIVE,0
2025-09-14 13:38:27,Vibration: 0 | X: 1575 | Y: 1312 | Z: 1387 | Status: ACTIVE,0,Vibration: 0 | X: 1857 | Y: 1535 | Z: 1412 | Status: ACTIVE,0
2025-09-14 13:38:29,Vibration: 0 | X: 1571 | Y: 1317 | Z: 1384 | Status: ACTIVE,0,Vibration: 0 | X: 1860 | Y: 1535 | Z: 1413 | Status: ACTIVE,0
2025-09-14 13:38:30,Vibration: 0 | X: 1575 | Y: 1319 | Z: 1381 | Status: ACTIVE,0,Vibration: 0 | X: 1852 | Y: 1535 | Z: 1405 | Status: ACTIVE,0
2025-09-14 13:38:31,Vibration: 0 | X: 1566 | Y: 1318 | Z: 1386 | Status: ACTIVE,0,Vibration: 0 | X: 1857 | Y: 1535 | Z: 1410 | Status: ACTIVE,0
2025-09-14 13:38:32,Vibration: 0 | X: 1567 | Y: 1312 | Z: 1382 | Status: ACTIVE,0,Vibration: 0 | X: 1845 | Y: 1533 | Z: 1397 | Status: ACTIVE,0
2025-09-14 13:38:34,Vibration: 0 | X: 1589 | Y: 1328 | Z: 1401 | Status: ACTIVE,0,Vibration: 0 | X: 1859 | Y: 1535 | Z: 1409 | Status: ACTIVE,0
2025-09-14 13:38:35,Vibration: 0 | X: 1580 | Y: 1296 | Z: 1387 | Status: ACTIVE,0,Vibration: 0 | X: 1845 | Y: 1534 | Z: 1401 | Status: ACTIVE,0
2025-09-14 13:38:37,Vibration: 0 | X: 1575 | Y: 1313 | Z: 1382 | Status: ACTIVE,0,Vibration: 0 | X: 1849 | Y: 1535 | Z: 1405 | Status: ACTIVE,0
2025-09-14 13:38:40,Vibration: 0 | X: 1580 | Y: 1316 | Z: 1389 | Status: ACTIVE,0,Vibration: 0 | X: 1856 | Y: 1535 | Z: 1408 | Status: ACTIVE,0
2025-09-14 13:38:41,Vibration: 0 | X: 1580 | Y: 1316 | Z: 1389 | Status: ACTIVE,0,Vibration: 0 | X: 1856 | Y: 1535 | Z: 1408 | Status: ACTIVE,0
2025-09-14 13:38:43,Vibration: 0 | X: 1595 | Y: 1328 | Z: 1396 | Status: ACTIVE,0,Vibration: 0 | X: 1857 | Y: 1535 | Z: 1408 | Status: ACTIVE,0
2025-09-14 13:38:44,Vibration: 0 | X: 1593 | Y: 1328 | Z: 1402 | Status: ACTIVE,0,Vibration: 0 | X: 1855 | Y: 1535 | Z: 1409 | Status: ACTIVE,0
2025-09-14 13:38:45,Vibration: 0 | X: 1589 | Y: 1329 | Z: 1401 | Status: ACTIVE,0,Vibration: 0 | X: 1842 | Y: 1532 | Z: 1404 | Status: ACTIVE,0
2025-09-14 13:38:46,Vibration: 0 | X: 1591 | Y: 1326 | Z: 1399 | Status: ACTIVE,0,Vibration: 0 | X: 1843 | Y: 1531 | Z: 1405 | Status: ACTIVE,0
2025-09-14 13:38:47,Vibration: 0 | X: 1585 | Y: 1328 | Z: 1398 | Status: ACTIVE,0,Vibration: 0 | X: 1858 | Y: 1535 | Z: 1413 | Status: ACTIVE,0
2025-09-14 13:38:48,Vibration: 0 | X: 1596 | Y: 1328 | Z: 1401 | Status: ACTIVE,0,Vibration: 0 | X: 1856 | Y: 1535 | Z: 1407 | Status: ACTIVE,0
2025-09-14 13:38:50,Vibration: 0 | X: 1585 | Y: 1328 | Z: 1400 | Status: ACTIVE,0,Vibration: 0 | X: 1853 | Y: 1535 | Z: 1402 | Status: ACTIVE,0
2025-09-14 13:38:51,Vibration: 0 | X: 1584 | Y: 1327 | Z: 1395 | Status: ACTIVE,0,Vibration: 0 | X: 1840 | Y: 1524 | Z: 1399 | Status: ACTIVE,0
2025-09-14 13:38:52,Vibration: 0 | X: 1589 | Y: 1329 | Z: 1397 | Status: ACTIVE,0,Vibration: 0 | X: 1859 | Y: 1535 | Z: 1409 | Status: ACTIVE,0
2025-09-14 13:38:53,Vibration: 0 | X: 1589 | Y: 1329 | Z: 1397 | Status: ACTIVE,0,Vibration: 0 | X: 1840 | Y: 1523 | Z: 1399 | Status: ACTIVE,0
2025-09-14 13:38:55,Vibration: 0 | X: 1593 | Y: 1328 | Z: 1406 | Status: ACTIVE,0,Vibration: 0 | X: 1850 | Y: 1533 | Z: 1402 | Status: ACTIVE,0
2025-09-14 13:38:56,Vibration: 0 | X: 1593 | Y: 1328 | Z: 1406 | Status: ACTIVE,0,Vibration: 0 | X: 1860 | Y: 1535 | Z: 1411 | Status: ACTIVE,0
2025-09-14 13:38:57,Vibration: 0 | X: 1593 | Y: 1328 | Z: 1406 | Status: ACTIVE,0,Vibration: 0 | X: 1857 | Y: 1535 | Z: 1411 | Status: ACTIVE,0
2025-09-14 13:38:59,Vibration: 0 | X: 1591 | Y: 1328 | Z: 1405 | Status: ACTIVE,0,Vibration: 0 | X: 1838 | Y: 1522 | Z: 1395 | Status: ACTIVE,0
2025-09-14 13:39:00,Vibration: 0 | X: 1590 | Y: 1328 | Z: 1402 | Status: ACTIVE,0,Vibration: 0 | X: 1852 | Y: 1535 | Z: 1407 | Status: ACTIVE,0
2025-09-14 13:39:01,Vibration: 0 | X: 1584 | Y: 1325 | Z: 1395 | Status: ACTIVE,0,Vibration: 0 | X: 1856 | Y: 1535 | Z: 1409 | Status: ACTIVE,0
2025-09-14 13:39:02,Vibration: 0 | X: 1581 | Y: 1307 | Z: 1392 | Status: ACTIVE,0,Vibration: 0 | X: 1860 | Y: 1535 | Z: 1409 | Status: ACTIVE,0
2025-09-14 13:39:03,Vibration: 0 | X: 1584 | Y: 1312 | Z: 1396 | Status: ACTIVE,0,Vibration: 0 | X: 1857 | Y: 1535 | Z: 1407 | Status: ACTIVE,0
2025-09-14 13:39:05,Vibration: 0 | X: 1595 | Y: 1328 | Z: 1402 | Status: ACTIVE,0,Vibration: 0 | X: 1844 | Y: 1530 | Z: 1397 | Status: ACTIVE,0
2025-09-14 13:39:06,Vibration: 0 | X: 1595 | Y: 1328 | Z: 1402 | Status: ACTIVE,0,Vibration: 0 | X: 1840 | Y: 1525 | Z: 1393 | Status: ACTIVE,0
2025-09-14 13:39:07,Vibration: 0 | X: 1595 | Y: 1328 | Z: 1402 | Status: ACTIVE,0,Vibration: 0 | X: 1853 | Y: 1535 | Z: 1405 | Status: ACTIVE,0
2025-09-14 13:39:08,Vibration: 0 | X: 1595 | Y: 1328 | Z: 1402 | Status: ACTIVE,0,Vibration: 0 | X: 1850 | Y: 1535 | Z: 1407 | Status: ACTIVE,0
2025-09-14 13:39:10,Vibration: 0 | X: 1590 | Y: 1328 | Z: 1404 | Status: ACTIVE,0,Vibration: 0 | X: 1837 | Y: 1520 | Z: 1391 | Status: ACTIVE,0
2025-09-14 13:39:11,Vibration: 0 | X: 1594 | Y: 1330 | Z: 1408 | Status: ACTIVE,0,Vibration: 0 | X: 1841 | Y: 1526 | Z: 1398 | Status: ACTIVE,0
2025-09-14 13:39:12,Vibration: 0 | X: 1574 | Y: 1328 | Z: 1381 | Status: ACTIVE,0,Vibration: 0 | X: 1839 | Y: 1523 | Z: 1392 | Status: ACTIVE,0
2025-09-14 13:39:14,Vibration: 0 | X: 1584 | Y: 1326 | Z: 1393 | Status: ACTIVE,0,Vibration: 0 | X: 1853 | Y: 1535 | Z: 1407 | Status: ACTIVE,0
2025-09-14 13:39:15,Vibration: 0 | X: 1589 | Y: 1328 | Z: 1397 | Status: ACTIVE,0,Vibration: 0 | X: 1843 | Y: 1524 | Z: 1395 | Status: ACTIVE,0
2025-09-14 13:39:16,Vibration: 0 | X: 1584 | Y: 1321 | Z: 1386 | Status: ACTIVE,0,Vibration: 0 | X: 1821 | Y: 1522 | Z: 1396 | Status: ACTIVE,0
2025-09-14 13:39:18,Vibration: 0 | X: 1584 | Y: 1321 | Z: 1386 | Status: ACTIVE,0,Vibration: 0 | X: 1835 | Y: 1519 | Z: 1389 | Status: ACTIVE,0
2025-09-14 13:39:19,Vibration: 0 | X: 1584 | Y: 1321 | Z: 1386 | Status: ACTIVE,0,Vibration: 0 | X: 1859 | Y: 1535 | Z: 1412 | Status: ACTIVE,0
2025-09-14 13:39:20,Vibration: 0 | X: 1575 | Y: 1311 | Z: 1387 | Status: ACTIVE,0,Vibration: 0 | X: 1856 | Y: 1535 | Z: 1410 | Status: ACTIVE,0
2025-09-14 13:39:21,Vibration: 0 | X: 1590 | Y: 1331 | Z: 1397 | Status: ACTIVE,0,Vibration: 0 | X: 1830 | Y: 1522 | Z: 1393 | Status: ACTIVE,0
2025-09-14 13:39:23,Vibration: 0 | X: 1589 | Y: 1328 | Z: 1395 | Status: ACTIVE,0,Vibration: 0 | X: 1835 | Y: 1519 | Z: 1395 | Status: ACTIVE,0
2025-09-14 13:39:24,Vibration: 0 | X: 1573 | Y: 1321 | Z: 1389 | Status: ACTIVE,0,Vibration: 0 | X: 1857 | Y: 1535 | Z: 1412 | Status: ACTIVE,0
2025-09-14 13:39:26,Vibration: 0 | X: 1575 | Y: 1310 | Z: 1383 | Status: ACTIVE,0,Vibration: 0 | X: 1840 | Y: 1524 | Z: 1394 | Status: ACTIVE,0
2025-09-14 13:39:27,Vibration: 0 | X: 1594 | Y: 1328 | Z: 1401 | Status: ACTIVE,0,Vibration: 0 | X: 1860 | Y: 1535 | Z: 1412 | Status: ACTIVE,0
2025-09-14 13:39:28,Vibration: 0 | X: 1590 | Y: 1328 | Z: 1397 | Status: ACTIVE,0,Vibration: 0 | X: 1839 | Y: 1522 | Z: 1398 | Status: ACTIVE,0
2025-09-14 13:39:29,Vibration: 0 | X: 1591 | Y: 1328 | Z: 1402 | Status: ACTIVE,0,Vibration: 0 | X: 1850 | Y: 1535 | Z: 1405 | Status: ACTIVE,0
2025-09-14 13:39:31,Vibration: 0 | X: 1591 | Y: 1328 | Z: 1406 | Status: ACTIVE,0,Vibration: 0 | X: 1859 | Y: 1535 | Z: 1411 | Status: ACTIVE,0
2025-09-14 13:39:32,Vibration: 0 | X: 1592 | Y: 1332 | Z: 1406 | Status: ACTIVE,0,Vibration: 0 | X: 1856 | Y: 1535 | Z: 1408 | Status: ACTIVE,0
2025-09-14 13:39:33,Vibration: 0 | X: 1587 | Y: 1327 | Z: 1399 | Status: ACTIVE,0,Vibration: 0 | X: 1845 | Y: 1532 | Z: 1403 | Status: ACTIVE,0
2025-09-14 13:39:35,Vibration: 0 | X: 1571 | Y: 1319 | Z: 1386 | Status: ACTIVE,0,Vibration: 0 | X: 1838 | Y: 1525 | Z: 1392 | Status: ACTIVE,0
2025-09-14 13:39:36,Vibration: 0 | X: 1573 | Y: 1313 | Z: 1391 | Status: ACTIVE,0,Vibration: 0 | X: 1854 | Y: 1535 | Z: 1405 | Status: ACTIVE,0
2025-09-14 13:39:37,Vibration: 0 | X: 1593 | Y: 1328 | Z: 1403 | Status: ACTIVE,0,Vibration: 0 | X: 1856 | Y: 1535 | Z: 1410 | Status: ACTIVE,0
2025-09-14 13:39:38,Vibration: 0 | X: 1584 | Y: 1325 | Z: 1392 | Status: ACTIVE,0,Vibration: 0 | X: 1845 | Y: 1535 | Z: 1403 | Status: ACTIVE,0
2025-09-14 13:39:40,Vibration: 0 | X: 1591 | Y: 1328 | Z: 1397 | Status: ACTIVE,0,Vibration: 0 | X: 1855 | Y: 1535 | Z: 1410 | Status: ACTIVE,0
2025-09-14 13:39:41,Vibration: 0 | X: 1568 | Y: 1311 | Z: 1383 | Status: ACTIVE,0,Vibration: 0 | X: 1836 | Y: 1524 | Z: 1392 | Status: ACTIVE,0
2025-09-14 13:39:42,Vibration: 0 | X: 1577 | Y: 1322 | Z: 1387 | Status: ACTIVE,0,Vibration: 0 | X: 1840 | Y: 1523 | Z: 1392 | Status: ACTIVE,0
2025-09-14 13:39:44,Vibration: 0 | X: 1591 | Y: 1328 | Z: 1403 | Status: ACTIVE,0,Vibration: 0 | X: 1847 | Y: 1526 | Z: 1397 | Status: ACTIVE,0
2025-09-14 13:39:45,Vibration: 0 | X: 1587 | Y: 1328 | Z: 1399 | Status: ACTIVE,0,Vibration: 0 | X: 1846 | Y: 1534 | Z: 1398 | Status: ACTIVE,0
2025-09-14 13:39:46,Vibration: 0 | X: 1584 | Y: 1327 | Z: 1398 | Status: ACTIVE,0,Vibration: 0 | X: 1841 | Y: 1527 | Z: 1395 | Status: ACTIVE,0
2025-09-14 13:39:48,Vibration: 0 | X: 1569 | Y: 1313 | Z: 1383 | Status: ACTIVE,0,Vibration: 0 | X: 1847 | Y: 1526 | Z: 1403 | Status: ACTIVE,0
2025-09-14 13:39:49,Vibration: 0 | X: 1593 | Y: 1328 | Z: 1397 | Status: ACTIVE,0,Vibration: 0 | X: 1854 | Y: 1535 | Z: 1413 | Status: ACTIVE,0
2025-09-14 13:39:50,Vibration: 0 | X: 1593 | Y: 1328 | Z: 1397 | Status: ACTIVE,0,Vibration: 0 | X: 1856 | Y: 1535 | Z: 1411 | Status: ACTIVE,0
2025-09-14 13:39:51,Vibration: 0 | X: 1597 | Y: 1328 | Z: 1405 | Status: ACTIVE,0,Vibration: 0 | X: 1847 | Y: 1535 | Z: 1401 | Status: ACTIVE,0
2025-09-14 13:39:53,Vibration: 0 | X: 1585 | Y: 1326 | Z: 1395 | Status: ACTIVE,0,Vibration: 0 | X: 1866 | Y: 1553 | Z: 1417 | Status: ACTIVE,0
2025-09-14 13:39:54,Vibration: 0 | X: 1573 | Y: 1313 | Z: 1385 | Status: ACTIVE,0,Vibration: 0 | X: 1861 | Y: 1552 | Z: 1410 | Status: ACTIVE,0
2025-09-14 13:39:55,Vibration: 0 | X: 1569 | Y: 1311 | Z: 1383 | Status: ACTIVE,0,Vibration: 0 | X: 1853 | Y: 1535 | Z: 1403 | Status: ACTIVE,0
2025-09-14 13:39:57,Vibration: 0 | X: 1585 | Y: 1326 | Z: 1396 | Status: ACTIVE,0,Vibration: 0 | X: 1836 | Y: 1521 | Z: 1393 | Status: ACTIVE,0
2025-09-14 13:39:58,Vibration: 0 | X: 1595 | Y: 1331 | Z: 1397 | Status: ACTIVE,0,Vibration: 0 | X: 1840 | Y: 1527 | Z: 1395 | Status: ACTIVE,0
2025-09-14 13:39:59,Vibration: 0 | X: 1595 | Y: 1331 | Z: 1397 | Status: ACTIVE,0,Vibration: 0 | X: 1857 | Y: 1535 | Z: 1410 | Status: ACTIVE,0
2025-09-14 13:40:00,Vibration: 0 | X: 1590 | Y: 1328 | Z: 1408 | Status: ACTIVE,0,Vibration: 0 | X: 1856 | Y: 1535 | Z: 1411 | Status: ACTIVE,0
2025-09-14 13:40:04,Vibration: 0 | X: 1590 | Y: 1328 | Z: 1402 | Status: ACTIVE,0,Vibration: 0 | X: 1856 | Y: 1535 | Z: 1409 | Status: ACTIVE,0
2025-09-14 13:40:05,Vibration: 0 | X: 1590 | Y: 1328 | Z: 1402 | Status: ACTIVE,0,Vibration: 0 | X: 1857 | Y: 1535 | Z: 1408 | Status: ACTIVE,0
2025-09-14 13:40:06,Vibration: 0 | X: 1590 | Y: 1328 | Z: 1402 | Status: ACTIVE,0,Vibration: 0 | X: 1840 | Y: 1523 | Z: 1395 | Status: ACTIVE,0
2025-09-14 13:40:07,Vibration: 0 | X: 1590 | Y: 1328 | Z: 1402 | Status: ACTIVE,0,Vibration: 0 | X: 1843 | Y: 1526 | Z: 1397 | Status: ACTIVE,0
2025-09-14 13:40:09,Vibration: 0 | X: 1587 | Y: 1330 | Z: 1405 | Status: ACTIVE,0,Vibration: 0 | X: 1843 | Y: 1526 | Z: 1397 | Status: ACTIVE,0
2025-09-14 13:40:10,Vibration: 0 | X: 1595 | Y: 1328 | Z: 1400 | Status: ACTIVE,0,Vibration: 0 | X: 1856 | Y: 1535 | Z: 1409 | Status: ACTIVE,0
2025-09-14 13:40:11,Vibration: 0 | X: 1579 | Y: 1318 | Z: 1390 | Status: ACTIVE,0,Vibration: 0 | X: 1831 | Y: 1522 | Z: 1392 | Status: ACTIVE,0
2025-09-14 13:40:12,Vibration: 0 | X: 1595 | Y: 1328 | Z: 1398 | Status: ACTIVE,0,Vibration: 0 | X: 1840 | Y: 1523 | Z: 1396 | Status: ACTIVE,0
2025-09-14 13:40:14,Vibration: 0 | X: 1596 | Y: 1329 | Z: 1404 | Status: ACTIVE,0,Vibration: 0 | X: 1856 | Y: 1535 | Z: 1408 | Status: ACTIVE,0
2025-09-14 13:40:15,Vibration: 0 | X: 1591 | Y: 1331 | Z: 1408 | Status: ACTIVE,0,Vibration: 0 | X: 1839 | Y: 1525 | Z: 1395 | Status: ACTIVE,0
2025-09-14 13:40:16,Vibration: 0 | X: 1583 | Y: 1323 | Z: 1392 | Status: ACTIVE,0,Vibration: 0 | X: 1860 | Y: 1535 | Z: 1412 | Status: ACTIVE,0
2025-09-14 13:40:21,Vibration: 0 | X: 1573 | Y: 1317 | Z: 1391 | Status: ACTIVE,0,Vibration: 0 | X: 1851 | Y: 1533 | Z: 1404 | Status: ACTIVE,0
2025-09-14 13:40:23,Vibration: 0 | X: 1582 | Y: 1317 | Z: 1390 | Status: ACTIVE,0,Vibration: 0 | X: 1856 | Y: 1535 | Z: 1409 | Status: ACTIVE,0
2025-09-14 13:40:24,Vibration: 0 | X: 1590 | Y: 1330 | Z: 1399 | Status: ACTIVE,0,Vibration: 0 | X: 1857 | Y: 1535 | Z: 1409 | Status: ACTIVE,0
2025-09-14 13:40:25,Vibration: 0 | X: 1590 | Y: 1331 | Z: 1404 | Status: ACTIVE,0,Vibration: 0 | X: 1856 | Y: 1535 | Z: 1409 | Status: ACTIVE,0
2025-09-14 13:40:26,Vibration: 0 | X: 1594 | Y: 1328 | Z: 1398 | Status: ACTIVE,0,Vibration: 0 | X: 1838 | Y: 1525 | Z: 1395 | Status: ACTIVE,0
2025-09-14 13:40:28,Vibration: 0 | X: 1589 | Y: 1328 | Z: 1403 | Status: ACTIVE,0,Vibration: 0 | X: 1856 | Y: 1535 | Z: 1409 | Status: ACTIVE,0
2025-09-14 13:40:29,Vibration: 0 | X: 1587 | Y: 1327 | Z: 1397 | Status: ACTIVE,0,Vibration: 0 | X: 1838 | Y: 1521 | Z: 1393 | Status: ACTIVE,0
2025-09-14 13:40:30,Vibration: 0 | X: 1584 | Y: 1328 | Z: 1397 | Status: ACTIVE,0,Vibration: 0 | X: 1856 | Y: 1535 | Z: 1411 | Status: ACTIVE,0
2025-09-14 13:40:31,Vibration: 0 | X: 1591 | Y: 1327 | Z: 1402 | Status: ACTIVE,0,Vibration: 0 | X: 1856 | Y: 1535 | Z: 1409 | Status: ACTIVE,0
2025-09-14 13:40:33,Vibration: 0 | X: 1585 | Y: 1324 | Z: 1397 | Status: ACTIVE,0,Vibration: 0 | X: 1853 | Y: 1535 | Z: 1409 | Status: ACTIVE,0
2025-09-14 13:40:34,Vibration: 0 | X: 1573 | Y: 1313 | Z: 1384 | Status: ACTIVE,0,Vibration: 0 | X: 1837 | Y: 1522 | Z: 1397 | Status: ACTIVE,0
2025-09-14 13:40:35,Vibration: 0 | X: 1587 | Y: 1329 | Z: 1402 | Status: ACTIVE,0,Vibration: 0 | X: 1856 | Y: 1535 | Z: 1408 | Status: ACTIVE,0
2025-09-14 13:40:37,Vibration: 0 | X: 1579 | Y: 1325 | Z: 1392 | Status: ACTIVE,0,Vibration: 0 | X: 1842 | Y: 1525 | Z: 1394 | Status: ACTIVE,0
2025-09-14 13:40:38,Vibration: 0 | X: 1593 | Y: 1328 | Z: 1399 | Status: ACTIVE,0,Vibration: 0 | X: 1855 | Y: 1535 | Z: 1408 | Status: ACTIVE,0
2025-09-14 13:40:39,Vibration: 0 | X: 1595 | Y: 1328 | Z: 1403 | Status: ACTIVE,0,Vibration: 0 | X: 1856 | Y: 1535 | Z: 1408 | Status: ACTIVE,0
2025-09-14 13:40:40,Vibration: 0 | X: 1595 | Y: 1328 | Z: 1403 | Status: ACTIVE,0,Vibration: 0 | X: 1851 | Y: 1535 | Z: 1405 | Status: ACTIVE,0
2025-09-14 13:40:42,Vibration: 0 | X: 1585 | Y: 1328 | Z: 1401 | Status: ACTIVE,0,Vibration: 0 | X: 1858 | Y: 1554 | Z: 1413 | Status: ACTIVE,0
2025-09-14 13:40:43,Vibration: 0 | X: 1591 | Y: 1330 | Z: 1403 | Status: ACTIVE,0,Vibration: 0 | X: 1851 | Y: 1535 | Z: 1405 | Status: ACTIVE,0
2025-09-14 13:40:44,Vibration: 0 | X: 1598 | Y: 1330 | Z: 1403 | Status: ACTIVE,0,Vibration: 0 | X: 1857 | Y: 1535 | Z: 1412 | Status: ACTIVE,0
2025-09-14 13:40:45,Vibration: 0 | X: 1584 | Y: 1326 | Z: 1394 | Status: ACTIVE,0,Vibration: 0 | X: 1840 | Y: 1529 | Z: 1399 | Status: ACTIVE,0
2025-09-14 13:40:47,Vibration: 0 | X: 1594 | Y: 1331 | Z: 1403 | Status: ACTIVE,0,Vibration: 0 | X: 1841 | Y: 1534 | Z: 1388 | Status: ACTIVE,0
2025-09-14 13:40:48,Vibration: 0 | X: 1589 | Y: 1333 | Z: 1402 | Status: ACTIVE,0,Vibration: 0 | X: 1838 | Y: 1521 | Z: 1392 | Status: ACTIVE,0
2025-09-14 13:40:50,Vibration: 0 | X: 1589 | Y: 1333 | Z: 1402 | Status: ACTIVE,0,Vibration: 0 | X: 1855 | Y: 1535 | Z: 1409 | Status: ACTIVE,0
2025-09-14 13:40:51,Vibration: 0 | X: 1589 | Y: 1333 | Z: 1402 | Status: ACTIVE,0,Vibration: 0 | X: 1860 | Y: 1535 | Z: 1411 | Status: ACTIVE,0
2025-09-14 13:40:52,Vibration: 0 | X: 1589 | Y: 1333 | Z: 1402 | Status: ACTIVE,0,Vibration: 0 | X: 1842 | Y: 1531 | Z: 1397 | Status: ACTIVE,0
2025-09-14 13:40:57,Vibration: 0 | X: 1589 | Y: 1333 | Z: 1402 | Status: ACTIVE,0,Vibration: 0 | X: 1861 | Y: 1535 | Z: 1411 | Status: ACTIVE,0
2025-09-14 13:40:59,Vibration: 0 | X: 1597 | Y: 1329 | Z: 1398 | Status: ACTIVE,0,Vibration: 0 | X: 1863 | Y: 1535 | Z: 1411 | Status: ACTIVE,0
2025-09-14 13:41:01,Vibration: 0 | X: 1597 | Y: 1329 | Z: 1398 | Status: ACTIVE,0,Vibration: 0 | X: 1845 | Y: 1530 | Z: 1398 | Status: ACTIVE,0
2025-09-14 13:41:02,Vibration: 0 | X: 1597 | Y: 1329 | Z: 1398 | Status: ACTIVE,0,Vibration: 0 | X: 1857 | Y: 1535 | Z: 1409 | Status: ACTIVE,0
2025-09-14 13:41:03,Vibration: 0 | X: 1597 | Y: 1329 | Z: 1398 | Status: ACTIVE,0,Vibration: 0 | X: 1846 | Y: 1529 | Z: 1395 | Status: ACTIVE,0
2025-09-14 13:41:04,Vibration: 0 | X: 1595 | Y: 1328 | Z: 1403 | Status: ACTIVE,0,Vibration: 0 | X: 1855 | Y: 1535 | Z: 1407 | Status: ACTIVE,0
2025-09-14 13:41:05,Vibration: 0 | X: 1589 | Y: 1328 | Z: 1399 | Status: ACTIVE,0,Vibration: 0 | X: 1839 | Y: 1525 | Z: 1392 | Status: ACTIVE,0
